6.150,3.269,89.732,0.057,0.168,0.623,6.130,3.112,90.249,0.074,0.260,0.175,2.424,0.420,97.028,0.025,0.044,0.059,2.456,0.535,96.838,0.031,0.121,0.018,6.205,2.989,90.445,0.056,0.253,0.051,2.495,0.527,96.805,0.044,0.113,0.016,6.075,3.201,90.360,0.040,0.268,0.056,2.563,0.591,96.749,0.017,0.062,0.017,174009.513,66544.878,0.0,0.0,0.0,0.0,2235.054,2511.848
0.990,10.891,88.119,0.0,0.0,0.0,0.0,0.0,100.0,0.0,0.0,0.0,0.0,0.0,100.0,0.0,0.0,0.0,0.0,0.0,100.0,0.0,0.0,0.0,0.0,0.0,100.0,0.0,0.0,0.0,0.0,0.0,100.0,0.0,0.0,0.0,0.0,3.0,97.0,0.0,0.0,0.0,0.0,0.0,100.0,0.0,0.0,0.0,0.0,0.0,0.0,0.0,0.0,0.0,485.0,384.0
0.0,2.020,97.980,0.0,0.0,0.0,0.0,0.0,100.0,0.0,0.0,0.0,0.0,0.0,100.0,0.0,0.0,0.0,0.0,0.0,100.0,0.0,0.0,0.0,1.0,5.0,94.0,0.0,0.0,0.0,0.0,0.0,100.0,0.0,0.0,0.0,9.0,1.0,90.0,0.0,0.0,0.0,0.0,0.0,100.0,0.0,0.0,0.0,0.0,8192.0,80.0,176.0,0.0,0.0,473.0,282.0
16.0,5.0,78.0,0.0,0.0,1.0,17.647,6.863,74.510,0.0,0.980,0.0,18.182,1.010,80.808,0.0,0.0,0.0,16.162,1.010,82.828,0.0,0.0,0.0,17.172,1.010,81.818,0.0,0.0,0.0,69.0,5.0,26.0,0.0,0.0,0.0,17.0,1.0,82.0,0.0,0.0,0.0,12.0,6.0,82.0,0.0,0.0,0.0,0.0,0.0,96.0,0.0,0.0,0.0,2981.0,1452.0
85.0,14.0,0.0,0.0,1.0,0.0,92.929,7.071,0.0,0.0,0.0,0.0,100.0,0.0,0.0,0.0,0.0,0.0,100.0,0.0,0.0,0.0,0.0,0.0,96.0,3.0,0.0,0.0,1.0,0.0,100.0,0.0,0.0,0.0,0.0,0.0,88.119,10.891,0.0,0.0,0.990,0.0,98.020,0.990,0.0,0.0,0.990,0.0,0.0,0.0,0.0,0.0,0.0,0.0,8125.0,2112.0
100.0,0.0,0.0,0.0,0.0,0.0,89.899,10.101,0.0,0.0,0.0,0.0,99.010,0.0,0.0,0.0,0.990,0.0,86.408,8.738,2.913,0.0,0.971,0.971,96.0,4.0,0.0,0.0,0.0,0.0,99.010,0.0,0.0,0.0,0.990,0.0,100.0,0.0,0.0,0.0,0.0,0.0,100.0,0.0,0.0,0.0,0.0,0.0,0.0,90112.0,0.0,0.0,0.0,0.0,8129.0,2065.0
93.0,7.0,0.0,0.0,0.0,0.0,92.079,7.921,0.0,0.0,0.0,0.0,100.0,0.0,0.0,0.0,0.0,0.0,100.0,0.0,0.0,0.0,0.0,0.0,91.0,9.0,0.0,0.0,0.0,0.0,100.0,0.0,0.0,0.0,0.0,0.0,99.010,0.0,0.0,0.0,0.0,0.990,100.0,0.0,0.0,0.0,0.0,0.0,0.0,0.0,0.0,0.0,0.0,0.0,8107.0,2015.0
95.050,3.960,0.0,0.0,0.990,0.0,80.0,19.0,0.0,0.0,1.0,0.0,100.0,0.0,0.0,0.0,0.0,0.0,100.0,0.0,0.0,0.0,0.0,0.0,98.020,0.0,0.0,0.0,0.990,0.990,100.0,0.0,0.0,0.0,0.0,0.0,100.0,0.0,0.0,0.0,0.0,0.0,98.039,0.0,0.0,0.0,0.980,0.980,0.0,0.0,60.0,42.0,0.0,0.0,8117.0,2057.0
88.119,10.891,0.0,0.0,0.0,0.990,87.0,11.0,1.0,0.0,0.0,1.0,99.010,0.0,0.0,0.0,0.990,0.0,100.0,0.0,0.0,0.0,0.0,0.0,96.0,4.0,0.0,0.0,0.0,0.0,100.0,0.0,0.0,0.0,0.0,0.0,99.010,0.0,0.0,0.0,0.990,0.0,98.990,1.010,0.0,0.0,0.0,0.0,0.0,0.0,0.0,0.0,0.0,0.0,8163.0,2132.0
91.919,8.081,0.0,0.0,0.0,0.0,95.0,5.0,0.0,0.0,0.0,0.0,100.0,0.0,0.0,0.0,0.0,0.0,99.010,0.0,0.0,0.0,0.990,0.0,89.0,10.0,1.0,0.0,0.0,0.0,98.020,0.0,0.0,0.0,0.990,0.990,91.919,8.081,0.0,0.0,0.0,0.0,95.0,2.0,3.0,0.0,0.0,0.0,0.0,0.0,0.0,0.0,0.0,0.0,10474.0,7143.0
72.0,27.0,0.0,0.0,1.0,0.0,98.0,1.0,0.0,0.0,1.0,0.0,99.010,0.0,0.0,0.0,0.0,0.990,97.0,2.0,1.0,0.0,0.0,0.0,98.990,1.010,0.0,0.0,0.0,0.0,100.0,0.0,0.0,0.0,0.0,0.0,100.0,0.0,0.0,0.0,0.0,0.0,100.0,0.0,0.0,0.0,0.0,0.0,0.0,40960.0,0.0,0.0,0.0,0.0,8980.0,3799.0
100.0,0.0,0.0,0.0,0.0,0.0,100.0,0.0,0.0,0.0,0.0,0.0,99.0,0.0,0.0,0.0,1.0,0.0,71.429,28.571,0.0,0.0,0.0,0.0,99.010,0.0,0.0,0.0,0.990,0.0,100.0,0.0,0.0,0.0,0.0,0.0,99.010,0.0,0.0,0.0,0.990,0.0,99.010,0.0,0.0,0.0,0.990,0.0,0.0,0.0,0.0,0.0,0.0,0.0,8114.0,2061.0
100.0,0.0,0.0,0.0,0.0,0.0,87.879,12.121,0.0,0.0,0.0,0.0,88.0,3.0,9.0,0.0,0.0,0.0,99.010,0.0,0.0,0.0,0.990,0.0,100.0,0.0,0.0,0.0,0.0,0.0,97.030,0.990,0.990,0.0,0.990,0.0,71.287,12.871,15.842,0.0,0.0,0.0,100.0,0.0,0.0,0.0,0.0,0.0,0.0,0.0,0.0,0.0,0.0,0.0,8017.0,2031.0
69.0,0.0,30.0,0.0,1.0,0.0,82.178,10.891,6.931,0.0,0.0,0.0,69.0,4.0,27.0,0.0,0.0,0.0,47.0,7.0,46.0,0.0,0.0,0.0,89.0,1.0,10.0,0.0,0.0,0.0,70.707,1.010,28.283,0.0,0.0,0.0,65.657,12.121,22.222,0.0,0.0,0.0,67.0,2.0,31.0,0.0,0.0,0.0,0.0,0.0,0.0,0.0,0.0,0.0,6636.0,2258.0
100.0,0.0,0.0,0.0,0.0,0.0,91.0,8.0,0.0,0.0,1.0,0.0,100.0,0.0,0.0,0.0,0.0,0.0,100.0,0.0,0.0,0.0,0.0,0.0,95.0,4.0,0.0,0.0,1.0,0.0,100.0,0.0,0.0,0.0,0.0,0.0,83.168,14.851,0.990,0.0,0.990,0.0,96.970,3.030,0.0,0.0,0.0,0.0,0.0,0.0,0.0,0.0,0.0,0.0,8128.0,2064.0
100.0,0.0,0.0,0.0,0.0,0.0,100.0,0.0,0.0,0.0,0.0,0.0,99.0,0.0,0.0,0.0,1.0,0.0,99.010,0.0,0.0,0.0,0.0,0.990,100.0,0.0,0.0,0.0,0.0,0.0,100.0,0.0,0.0,0.0,0.0,0.0,80.0,19.0,0.0,0.0,0.0,1.0,89.109,8.911,0.990,0.0,0.990,0.0,0.0,102400.0,0.0,0.0,0.0,0.0,8140.0,2104.0
99.010,0.0,0.0,0.0,0.990,0.0,100.0,0.0,0.0,0.0,0.0,0.0,100.0,0.0,0.0,0.0,0.0,0.0,99.0,0.0,0.0,0.0,1.0,0.0,87.879,12.121,0.0,0.0,0.0,0.0,99.010,0.0,0.0,0.0,0.990,0.0,84.0,14.0,2.0,0.0,0.0,0.0,100.0,0.0,0.0,0.0,0.0,0.0,0.0,0.0,0.0,0.0,0.0,0.0,8105.0,2018.0
87.0,12.0,0.0,0.0,0.0,1.0,98.039,0.0,0.0,0.0,0.980,0.980,96.970,3.030,0.0,0.0,0.0,0.0,100.0,0.0,0.0,0.0,0.0,0.0,99.010,0.0,0.0,0.0,0.0,0.990,100.0,0.0,0.0,0.0,0.0,0.0,87.755,12.245,0.0,0.0,0.0,0.0,99.010,0.0,0.0,0.0,0.0,0.990,0.0,45056.0,0.0,0.0,0.0,0.0,8117.0,2050.0
82.0,18.0,0.0,0.0,0.0,0.0,100.0,0.0,0.0,0.0,0.0,0.0,84.0,12.0,3.0,0.0,1.0,0.0,100.0,0.0,0.0,0.0,0.0,0.0,99.0,0.0,0.0,0.0,1.0,0.0,100.0,0.0,0.0,0.0,0.0,0.0,99.010,0.0,0.0,0.0,0.990,0.0,99.010,0.0,0.0,0.0,0.990,0.0,0.0,0.0,0.0,0.0,0.0,0.0,8166.0,2150.0
100.0,0.0,0.0,0.0,0.0,0.0,98.990,1.010,0.0,0.0,0.0,0.0,81.188,17.822,0.0,0.0,0.0,0.990,100.0,0.0,0.0,0.0,0.0,0.0,100.0,0.0,0.0,0.0,0.0,0.0,99.010,0.0,0.0,0.0,0.0,0.990,87.0,13.0,0.0,0.0,0.0,0.0,100.0,0.0,0.0,0.0,0.0,0.0,0.0,0.0,0.0,0.0,0.0,0.0,8112.0,2034.0
99.010,0.0,0.0,0.0,0.990,0.0,83.838,16.162,0.0,0.0,0.0,0.0,100.0,0.0,0.0,0.0,0.0,0.0,88.119,9.901,0.990,0.0,0.990,0.0,100.0,0.0,0.0,0.0,0.0,0.0,99.0,0.0,0.0,0.0,1.0,0.0,100.0,0.0,0.0,0.0,0.0,0.0,100.0,0.0,0.0,0.0,0.0,0.0,0.0,61440.0,0.0,0.0,0.0,0.0,8123.0,2063.0
96.0,4.0,0.0,0.0,0.0,0.0,99.010,0.0,0.0,0.0,0.990,0.0,89.899,9.091,1.010,0.0,0.0,0.0,85.0,15.0,0.0,0.0,0.0,0.0,100.0,0.0,0.0,0.0,0.0,0.0,100.0,0.0,0.0,0.0,0.0,0.0,99.0,1.0,0.0,0.0,0.0,0.0,100.0,0.0,0.0,0.0,0.0,0.0,0.0,0.0,0.0,0.0,0.0,0.0,8102.0,2010.0
64.646,1.010,34.343,0.0,0.0,0.0,91.919,0.0,8.081,0.0,0.0,0.0,33.0,20.0,46.0,0.0,1.0,0.0,45.455,3.030,51.515,0.0,0.0,0.0,99.0,0.0,0.0,0.0,1.0,0.0,50.505,1.010,48.485,0.0,0.0,0.0,52.0,0.0,47.0,0.0,1.0,0.0,62.376,0.990,35.644,0.0,0.990,0.0,0.0,135168.0,0.0,0.0,0.0,0.0,6055.0,1604.0
82.178,12.871,3.960,0.0,0.990,0.0,84.0,1.0,15.0,0.0,0.0,0.0,2.970,14.851,82.178,0.0,0.0,0.0,11.111,0.0,88.889,0.0,0.0,0.0,13.0,0.0,87.0,0.0,0.0,0.0,94.0,0.0,6.0,0.0,0.0,0.0,97.0,1.0,2.0,0.0,0.0,0.0,0.0,0.990,99.010,0.0,0.0,0.0,0.0,0.0,0.0,0.0,0.0,0.0,5020.0,1491.0
100.0,0.0,0.0,0.0,0.0,0.0,99.010,0.0,0.0,0.0,0.990,0.0,1.020,9.184,89.796,0.0,0.0,0.0,1.980,16.832,81.188,0.0,0.0,0.0,0.0,1.0,99.0,0.0,0.0,0.0,99.010,0.0,0.0,0.0,0.990,0.0,100.0,0.0,0.0,0.0,0.0,0.0,0.0,0.0,100.0,0.0,0.0,0.0,0.0,0.0,0.0,0.0,0.0,0.0,5224.0,1268.0
100.0,0.0,0.0,0.0,0.0,0.0,100.0,0.0,0.0,0.0,0.0,0.0,0.0,0.0,99.0,0.0,0.0,1.0,2.020,6.061,91.919,0.0,0.0,0.0,0.0,1.0,99.0,0.0,0.0,0.0,100.0,0.0,0.0,0.0,0.0,0.0,100.0,0.0,0.0,0.0,0.0,0.0,1.0,14.0,85.0,0.0,0.0,0.0,0.0,0.0,0.0,0.0,0.0,0.0,4922.0,1185.0
98.039,0.0,0.0,0.0,0.980,0.980,100.0,0.0,0.0,0.0,0.0,0.0,1.980,18.812,79.208,0.0,0.0,0.0,1.961,4.902,92.157,0.0,0.0,0.980,0.0,0.0,100.0,0.0,0.0,0.0,100.0,0.0,0.0,0.0,0.0,0.0,99.010,0.0,0.0,0.0,0.990,0.0,0.0,0.0,100.0,0.0,0.0,0.0,0.0,61440.0,0.0,0.0,0.0,0.0,5096.0,1239.0
100.0,0.0,0.0,0.0,0.0,0.0,100.0,0.0,0.0,0.0,0.0,0.0,0.0,0.0,100.0,0.0,0.0,0.0,2.0,15.0,83.0,0.0,0.0,0.0,2.0,10.0,88.0,0.0,0.0,0.0,100.0,0.0,0.0,0.0,0.0,0.0,100.0,0.0,0.0,0.0,0.0,0.0,0.0,0.0,100.0,0.0,0.0,0.0,0.0,0.0,0.0,0.0,0.0,0.0,5016.0,1218.0
100.0,0.0,0.0,0.0,0.0,0.0,99.010,0.0,0.0,0.0,0.990,0.0,0.990,17.822,80.198,0.0,0.0,0.990,0.0,2.020,97.980,0.0,0.0,0.0,2.0,9.0,89.0,0.0,0.0,0.0,99.0,0.0,0.0,0.0,1.0,0.0,99.0,0.0,0.0,0.0,0.0,1.0,0.0,1.010,98.990,0.0,0.0,0.0,0.0,0.0,0.0,0.0,0.0,0.0,5222.0,1340.0
94.0,1.0,4.0,0.0,1.0,0.0,76.768,1.010,22.222,0.0,0.0,0.0,1.010,5.051,93.939,0.0,0.0,0.0,2.0,20.0,78.0,0.0,0.0,0.0,6.061,0.0,93.939,0.0,0.0,0.0,71.0,0.0,29.0,0.0,0.0,0.0,66.0,0.0,34.0,0.0,0.0,0.0,1.0,1.0,98.0,0.0,0.0,0.0,0.0,0.0,0.0,0.0,0.0,0.0,4396.0,1161.0
39.0,19.0,42.0,0.0,0.0,0.0,49.505,1.980,47.525,0.0,0.0,0.990,31.313,1.010,67.677,0.0,0.0,0.0,32.673,2.970,63.366,0.0,0.990,0.0,41.0,9.0,50.0,0.0,0.0,0.0,32.0,2.0,66.0,0.0,0.0,0.0,34.0,1.0,65.0,0.0,0.0,0.0,30.303,2.020,67.677,0.0,0.0,0.0,0.0,0.0,0.0,0.0,0.0,0.0,4659.0,2308.0
93.939,6.061,0.0,0.0,0.0,0.0,100.0,0.0,0.0,0.0,0.0,0.0,100.0,0.0,0.0,0.0,0.0,0.0,98.990,1.010,0.0,0.0,0.0,0.0,79.208,19.802,0.0,0.0,0.990,0.0,100.0,0.0,0.0,0.0,0.0,0.0,99.010,0.0,0.0,0.0,0.990,0.0,95.0,5.0,0.0,0.0,0.0,0.0,0.0,77824.0,0.0,0.0,0.0,0.0,8094.0,1955.0
100.0,0.0,0.0,0.0,0.0,0.0,99.010,0.0,0.0,0.0,0.990,0.0,99.010,0.0,0.0,0.0,0.990,0.0,99.010,0.990,0.0,0.0,0.0,0.0,99.010,0.0,0.0,0.0,0.0,0.990,99.010,0.0,0.0,0.0,0.990,0.0,89.899,10.101,0.0,0.0,0.0,0.0,81.818,18.182,0.0,0.0,0.0,0.0,0.0,0.0,0.0,0.0,0.0,0.0,8097.0,1917.0
99.010,0.0,0.0,0.0,0.990,0.0,100.0,0.0,0.0,0.0,0.0,0.0,91.837,8.163,0.0,0.0,0.0,0.0,99.0,0.0,0.0,0.0,1.0,0.0,100.0,0.0,0.0,0.0,0.0,0.0,97.0,3.0,0.0,0.0,0.0,0.0,83.838,16.162,0.0,0.0,0.0,0.0,98.020,0.990,0.0,0.0,0.990,0.0,0.0,0.0,0.0,0.0,0.0,0.0,8122.0,1992.0
100.0,0.0,0.0,0.0,0.0,0.0,100.0,0.0,0.0,0.0,0.0,0.0,70.297,27.723,1.980,0.0,0.0,0.0,100.0,0.0,0.0,0.0,0.0,0.0,99.0,0.0,0.0,0.0,1.0,0.0,99.0,0.0,0.0,0.0,0.0,1.0,99.010,0.0,0.0,0.0,0.990,0.0,99.010,0.0,0.0,0.0,0.0,0.990,0.0,0.0,0.0,0.0,0.0,0.0,8092.0,1914.0
88.235,10.784,0.0,0.0,0.0,0.980,99.010,0.0,0.0,0.0,0.990,0.0,99.0,0.0,0.0,0.0,1.0,0.0,100.0,0.0,0.0,0.0,0.0,0.0,100.0,0.0,0.0,0.0,0.0,0.0,99.010,0.0,0.0,0.0,0.990,0.0,81.818,18.182,0.0,0.0,0.0,0.0,100.0,0.0,0.0,0.0,0.0,0.0,0.0,0.0,0.0,0.0,0.0,0.0,8097.0,1915.0
84.0,15.0,0.0,0.0,1.0,0.0,100.0,0.0,0.0,0.0,0.0,0.0,85.149,8.911,4.950,0.0,0.0,0.990,100.0,0.0,0.0,0.0,0.0,0.0,100.0,0.0,0.0,0.0,0.0,0.0,100.0,0.0,0.0,0.0,0.0,0.0,100.0,0.0,0.0,0.0,0.0,0.0,99.0,0.0,0.0,0.0,1.0,0.0,0.0,32768.0,0.0,0.0,0.0,0.0,8094.0,1907.0
100.0,0.0,0.0,0.0,0.0,0.0,100.0,0.0,0.0,0.0,0.0,0.0,82.828,17.172,0.0,0.0,0.0,0.0,99.0,0.0,0.0,0.0,1.0,0.0,88.889,11.111,0.0,0.0,0.0,0.0,100.0,0.0,0.0,0.0,0.0,0.0,99.010,0.0,0.0,0.0,0.990,0.0,100.0,0.0,0.0,0.0,0.0,0.0,0.0,8192.0,0.0,0.0,0.0,0.0,8091.0,1899.0
100.0,0.0,0.0,0.0,0.0,0.0,99.0,0.0,0.0,0.0,0.0,1.0,99.010,0.0,0.0,0.0,0.990,0.0,99.010,0.0,0.0,0.0,0.0,0.990,71.287,27.723,0.0,0.0,0.990,0.0,100.0,0.0,0.0,0.0,0.0,0.0,100.0,0.0,0.0,0.0,0.0,0.0,100.0,0.0,0.0,0.0,0.0,0.0,0.0,0.0,0.0,0.0,0.0,0.0,8128.0,1983.0
100.0,0.0,0.0,0.0,0.0,0.0,99.010,0.0,0.0,0.0,0.990,0.0,100.0,0.0,0.0,0.0,0.0,0.0,100.0,0.0,0.0,0.0,0.0,0.0,73.0,27.0,0.0,0.0,0.0,0.0,99.010,0.0,0.0,0.0,0.990,0.0,100.0,0.0,0.0,0.0,0.0,0.0,99.010,0.0,0.0,0.0,0.990,0.0,0.0,0.0,0.0,0.0,0.0,0.0,8086.0,1904.0
86.139,10.891,1.980,0.0,0.990,0.0,100.0,0.0,0.0,0.0,0.0,0.0,98.990,1.010,0.0,0.0,0.0,0.0,99.010,0.0,0.0,0.0,0.990,0.0,81.818,18.182,0.0,0.0,0.0,0.0,100.0,0.0,0.0,0.0,0.0,0.0,98.020,0.0,0.0,0.0,0.990,0.990,100.0,0.0,0.0,0.0,0.0,0.0,0.0,0.0,0.0,0.0,0.0,0.0,8112.0,1976.0
100.0,0.0,0.0,0.0,0.0,0.0,100.0,0.0,0.0,0.0,0.0,0.0,84.158,15.842,0.0,0.0,0.0,0.0,100.0,0.0,0.0,0.0,0.0,0.0,99.010,0.0,0.0,0.0,0.990,0.0,100.0,0.0,0.0,0.0,0.0,0.0,89.0,10.0,1.0,0.0,0.0,0.0,95.0,5.0,0.0,0.0,0.0,0.0,0.0,45056.0,0.0,0.0,0.0,0.0,8105.0,1949.0
100.0,0.0,0.0,0.0,0.0,0.0,99.010,0.0,0.0,0.0,0.990,0.0,99.0,0.0,0.0,0.0,1.0,0.0,99.010,0.990,0.0,0.0,0.0,0.0,99.0,0.0,0.0,0.0,0.0,1.0,99.010,0.0,0.0,0.0,0.990,0.0,100.0,0.0,0.0,0.0,0.0,0.0,71.717,27.273,1.010,0.0,0.0,0.0,0.0,0.0,0.0,0.0,0.0,0.0,8091.0,1911.0
76.238,22.772,0.0,0.0,0.990,0.0,100.0,0.0,0.0,0.0,0.0,0.0,100.0,0.0,0.0,0.0,0.0,0.0,100.0,0.0,0.0,0.0,0.0,0.0,100.0,0.0,0.0,0.0,0.0,0.0,100.0,0.0,0.0,0.0,0.0,0.0,95.0,4.0,0.0,0.0,1.0,0.0,96.040,2.970,0.0,0.0,0.990,0.0,0.0,0.0,0.0,0.0,0.0,0.0,8136.0,1995.0
100.0,0.0,0.0,0.0,0.0,0.0,100.0,0.0,0.0,0.0,0.0,0.0,87.879,11.111,1.010,0.0,0.0,0.0,99.010,0.0,0.0,0.0,0.990,0.0,100.0,0.0,0.0,0.0,0.0,0.0,100.0,0.0,0.0,0.0,0.0,0.0,82.0,18.0,0.0,0.0,0.0,0.0,100.0,0.0,0.0,0.0,0.0,0.0,0.0,0.0,0.0,0.0,0.0,0.0,8078.0,1884.0
99.0,1.0,0.0,0.0,0.0,0.0,100.0,0.0,0.0,0.0,0.0,0.0,32.323,30.303,37.374,0.0,0.0,0.0,100.0,0.0,0.0,0.0,0.0,0.0,99.010,0.0,0.0,0.0,0.990,0.0,99.010,0.0,0.0,0.0,0.0,0.990,100.0,0.0,0.0,0.0,0.0,0.0,99.0,0.0,0.0,0.0,0.0,1.0,0.0,0.0,0.0,0.0,0.0,0.0,7991.0,1842.0
71.0,1.0,27.0,0.0,0.0,1.0,45.0,3.0,51.0,0.0,1.0,0.0,4.854,21.359,71.845,0.0,0.971,0.971,62.0,2.0,36.0,0.0,0.0,0.0,59.596,0.0,40.404,0.0,0.0,0.0,99.0,0.0,0.0,0.0,1.0,0.0,28.283,1.010,70.707,0.0,0.0,0.0,99.010,0.0,0.0,0.0,0.990,0.0,0.0,73728.0,294.0,287.0,0.0,0.0,5802.0,1350.0
1.0,18.0,80.0,0.0,1.0,0.0,13.0,0.0,86.0,0.0,0.0,1.0,0.0,0.0,100.0,0.0,0.0,0.0,0.0,0.0,100.0,0.0,0.0,0.0,0.0,0.0,100.0,0.0,0.0,0.0,96.970,1.010,2.020,0.0,0.0,0.0,4.0,2.0,94.0,0.0,0.0,0.0,15.0,1.0,84.0,0.0,0.0,0.0,0.0,45056.0,0.0,0.0,0.0,0.0,2174.0,523.0
97.030,0.0,1.980,0.0,0.0,0.990,85.859,8.081,6.061,0.0,0.0,0.0,97.980,0.0,2.020,0.0,0.0,0.0,67.677,29.293,3.030,0.0,0.0,0.0,97.030,0.990,1.980,0.0,0.0,0.0,97.030,0.0,1.980,0.0,0.990,0.0,97.0,0.0,2.0,0.0,1.0,0.0,94.949,3.030,2.020,0.0,0.0,0.0,0.0,0.0,0.0,0.0,0.0,0.0,8060.0,2362.0
77.778,22.222,0.0,0.0,0.0,0.0,91.0,9.0,0.0,0.0,0.0,0.0,100.0,0.0,0.0,0.0,0.0,0.0,98.020,0.990,0.0,0.0,0.990,0.0,99.0,0.0,0.0,0.0,1.0,0.0,100.0,0.0,0.0,0.0,0.0,0.0,100.0,0.0,0.0,0.0,0.0,0.0,99.010,0.0,0.0,0.0,0.990,0.0,0.0,0.0,0.0,0.0,0.0,0.0,8094.0,1935.0
96.0,4.0,0.0,0.0,0.0,0.0,99.0,0.0,0.0,0.0,1.0,0.0,100.0,0.0,0.0,0.0,0.0,0.0,99.0,0.0,0.0,0.0,0.0,1.0,90.909,8.081,1.010,0.0,0.0,0.0,80.198,18.812,0.990,0.0,0.0,0.0,100.0,0.0,0.0,0.0,0.0,0.0,100.0,0.0,0.0,0.0,0.0,0.0,0.0,0.0,0.0,0.0,0.0,0.0,8108.0,1950.0
99.0,0.0,0.0,0.0,1.0,0.0,99.010,0.990,0.0,0.0,0.0,0.0,99.010,0.0,0.0,0.0,0.990,0.0,100.0,0.0,0.0,0.0,0.0,0.0,69.0,29.0,2.0,0.0,0.0,0.0,98.990,0.0,1.010,0.0,0.0,0.0,95.050,3.960,0.0,0.0,0.990,0.0,100.0,0.0,0.0,0.0,0.0,0.0,0.0,114688.0,60.0,42.0,0.0,0.0,8103.0,1917.0
100.0,0.0,0.0,0.0,0.0,0.0,100.0,0.0,0.0,0.0,0.0,0.0,94.949,5.051,0.0,0.0,0.0,0.0,99.0,0.0,0.0,0.0,1.0,0.0,100.0,0.0,0.0,0.0,0.0,0.0,99.010,0.0,0.0,0.0,0.990,0.0,76.0,22.0,1.0,0.0,0.0,1.0,100.0,0.0,0.0,0.0,0.0,0.0,0.0,12288.0,0.0,0.0,0.0,0.0,8085.0,1907.0
75.758,24.242,0.0,0.0,0.0,0.0,100.0,0.0,0.0,0.0,0.0,0.0,100.0,0.0,0.0,0.0,0.0,0.0,100.0,0.0,0.0,0.0,0.0,0.0,96.0,3.0,0.0,0.0,1.0,0.0,100.0,0.0,0.0,0.0,0.0,0.0,100.0,0.0,0.0,0.0,0.0,0.0,98.020,0.990,0.0,0.0,0.990,0.0,0.0,0.0,0.0,0.0,0.0,0.0,8129.0,1974.0
99.010,0.0,0.0,0.0,0.990,0.0,90.0,9.0,0.0,0.0,1.0,0.0,99.0,0.0,0.0,0.0,1.0,0.0,96.970,3.030,0.0,0.0,0.0,0.0,80.0,19.0,0.0,0.0,0.0,1.0,100.0,0.0,0.0,0.0,0.0,0.0,100.0,0.0,0.0,0.0,0.0,0.0,100.0,0.0,0.0,0.0,0.0,0.0,0.0,0.0,60.0,0.0,0.0,0.0,8111.0,1939.0
100.0,0.0,0.0,0.0,0.0,0.0,100.0,0.0,0.0,0.0,0.0,0.0,100.0,0.0,0.0,0.0,0.0,0.0,69.307,27.723,2.970,0.0,0.0,0.0,100.0,0.0,0.0,0.0,0.0,0.0,99.0,0.0,0.0,0.0,1.0,0.0,99.0,0.0,0.0,0.0,1.0,0.0,100.0,0.0,0.0,0.0,0.0,0.0,0.0,0.0,0.0,0.0,0.0,0.0,8083.0,1894.0
100.0,0.0,0.0,0.0,0.0,0.0,97.980,2.020,0.0,0.0,0.0,0.0,100.0,0.0,0.0,0.0,0.0,0.0,78.0,20.0,1.0,0.0,1.0,0.0,93.069,5.941,0.0,0.0,0.990,0.0,100.0,0.0,0.0,0.0,0.0,0.0,100.0,0.0,0.0,0.0,0.0,0.0,99.010,0.0,0.0,0.0,0.990,0.0,0.0,57344.0,0.0,0.0,0.0,0.0,8078.0,1881.0
87.0,13.0,0.0,0.0,0.0,0.0,98.039,0.0,0.0,0.0,0.980,0.980,100.0,0.0,0.0,0.0,0.0,0.0,100.0,0.0,0.0,0.0,0.0,0.0,78.788,21.212,0.0,0.0,0.0,0.0,99.010,0.0,0.0,0.0,0.0,0.990,100.0,0.0,0.0,0.0,0.0,0.0,99.010,0.0,0.0,0.0,0.0,0.990,0.0,86016.0,74.0,54.0,0.0,0.0,8113.0,1948.0
80.198,17.822,0.0,0.0,0.990,0.990,100.0,0.0,0.0,0.0,0.0,0.0,98.039,0.0,0.0,0.0,0.980,0.980,89.899,9.091,1.010,0.0,0.0,0.0,100.0,0.0,0.0,0.0,0.0,0.0,100.0,0.0,0.0,0.0,0.0,0.0,99.0,0.0,0.0,0.0,1.0,0.0,95.960,3.030,1.010,0.0,0.0,0.0,0.0,0.0,0.0,0.0,0.0,0.0,8127.0,1989.0
100.0,0.0,0.0,0.0,0.0,0.0,88.0,11.0,1.0,0.0,0.0,0.0,100.0,0.0,0.0,0.0,0.0,0.0,82.178,16.832,0.0,0.0,0.990,0.0,100.0,0.0,0.0,0.0,0.0,0.0,99.010,0.0,0.0,0.0,0.990,0.0,100.0,0.0,0.0,0.0,0.0,0.0,99.010,0.0,0.0,0.0,0.990,0.0,0.0,0.0,0.0,0.0,0.0,0.0,8090.0,1903.0
90.909,9.091,0.0,0.0,0.0,0.0,79.0,21.0,0.0,0.0,0.0,0.0,100.0,0.0,0.0,0.0,0.0,0.0,100.0,0.0,0.0,0.0,0.0,0.0,99.010,0.0,0.0,0.0,0.990,0.0,100.0,0.0,0.0,0.0,0.0,0.0,100.0,0.0,0.0,0.0,0.0,0.0,100.0,0.0,0.0,0.0,0.0,0.0,0.0,0.0,0.0,0.0,0.0,0.0,8088.0,1888.0
68.317,30.693,0.990,0.0,0.0,0.0,99.010,0.0,0.0,0.0,0.990,0.0,99.0,0.0,0.0,0.0,1.0,0.0,99.010,0.0,0.0,0.0,0.0,0.990,100.0,0.0,0.0,0.0,0.0,0.0,100.0,0.0,0.0,0.0,0.0,0.0,99.010,0.0,0.0,0.0,0.990,0.0,100.0,0.0,0.0,0.0,0.0,0.0,0.0,49152.0,0.0,0.0,0.0,0.0,8111.0,1946.0
76.0,23.0,0.0,0.0,1.0,0.0,100.0,0.0,0.0,0.0,0.0,0.0,83.168,7.921,8.911,0.0,0.0,0.0,99.0,1.0,0.0,0.0,0.0,0.0,100.0,0.0,0.0,0.0,0.0,0.0,98.020,0.0,0.990,0.0,0.990,0.0,100.0,0.0,0.0,0.0,0.0,0.0,94.059,0.0,4.950,0.0,0.990,0.0,0.0,0.0,60.0,42.0,0.0,0.0,8045.0,1915.0
100.0,0.0,0.0,0.0,0.0,0.0,82.0,1.0,17.0,0.0,0.0,0.0,4.082,16.327,79.592,0.0,0.0,0.0,43.0,0.0,56.0,0.0,1.0,0.0,79.208,1.980,17.822,0.0,0.990,0.0,35.0,1.0,64.0,0.0,0.0,0.0,98.020,0.0,0.990,0.0,0.0,0.990,1.010,6.061,92.929,0.0,0.0,0.0,0.0,0.0,0.0,54.0,0.0,0.0,5717.0,1382.0
99.010,0.0,0.0,0.0,0.990,0.0,1.0,2.0,96.0,0.0,0.0,1.0,0.0,0.0,100.0,0.0,0.0,0.0,0.0,0.990,99.010,0.0,0.0,0.0,2.020,0.0,97.980,0.0,0.0,0.0,0.0,15.152,84.848,0.0,0.0,0.0,99.0,0.0,0.0,0.0,1.0,0.0,1.0,0.0,99.0,0.0,0.0,0.0,0.0,0.0,0.0,0.0,0.0,0.0,3100.0,628.0
11.111,0.0,87.879,0.0,0.0,1.010,0.0,1.0,99.0,0.0,0.0,0.0,0.0,0.0,100.0,0.0,0.0,0.0,1.0,16.0,83.0,0.0,0.0,0.0,5.941,0.0,94.059,0.0,0.0,0.0,0.0,0.0,100.0,0.0,0.0,0.0,100.0,0.0,0.0,0.0,0.0,0.0,0.0,0.0,100.0,0.0,0.0,0.0,0.0,0.0,0.0,0.0,0.0,0.0,2204.0,378.0
0.0,1.0,98.0,0.0,0.0,1.0,0.0,0.0,100.0,0.0,0.0,0.0,1.0,15.0,84.0,0.0,0.0,0.0,0.0,0.0,100.0,0.0,0.0,0.0,0.0,0.0,100.0,0.0,0.0,0.0,0.0,0.0,100.0,0.0,0.0,0.0,100.0,0.0,0.0,0.0,0.0,0.0,0.0,0.0,100.0,0.0,0.0,0.0,0.0,81920.0,0.0,0.0,0.0,0.0,2222.0,341.0
1.010,16.162,82.828,0.0,0.0,0.0,0.990,0.0,98.020,0.0,0.0,0.990,0.0,0.0,100.0,0.0,0.0,0.0,0.0,0.0,100.0,0.0,0.0,0.0,1.0,0.0,99.0,0.0,0.0,0.0,0.0,0.0,100.0,0.0,0.0,0.0,100.0,0.0,0.0,0.0,0.0,0.0,0.0,0.0,100.0,0.0,0.0,0.0,0.0,0.0,74.0,54.0,0.0,0.0,1608.0,336.0
1.0,16.0,82.0,0.0,0.0,1.0,0.0,0.0,100.0,0.0,0.0,0.0,0.0,0.0,100.0,0.0,0.0,0.0,0.0,0.0,100.0,0.0,0.0,0.0,0.990,0.990,98.020,0.0,0.0,0.0,0.0,0.0,100.0,0.0,0.0,0.0,99.010,0.0,0.0,0.0,0.990,0.0,0.0,0.0,100.0,0.0,0.0,0.0,0.0,0.0,0.0,0.0,0.0,0.0,1919.0,395.0
69.0,16.0,14.0,0.0,1.0,0.0,5.0,10.0,84.0,0.0,1.0,0.0,1.0,4.0,95.0,0.0,0.0,0.0,67.677,0.0,32.323,0.0,0.0,0.0,69.697,0.0,30.303,0.0,0.0,0.0,0.0,0.0,100.0,0.0,0.0,0.0,97.0,0.0,3.0,0.0,0.0,0.0,0.0,0.0,100.0,0.0,0.0,0.0,0.0,0.0,0.0,0.0,0.0,0.0,4269.0,1205.0
99.010,0.0,0.0,0.0,0.0,0.990,18.0,6.0,75.0,0.0,0.0,1.0,2.0,20.0,78.0,0.0,0.0,0.0,84.0,1.0,15.0,0.0,0.0,0.0,100.0,0.0,0.0,0.0,0.0,0.0,0.0,0.0,100.0,0.0,0.0,0.0,100.0,0.0,0.0,0.0,0.0,0.0,0.0,0.0,100.0,0.0,0.0,0.0,0.0,0.0,0.0,0.0,0.0,0.0,5061.0,1159.0
100.0,0.0,0.0,0.0,0.0,0.0,100.0,0.0,0.0,0.0,0.0,0.0,1.0,18.0,80.0,0.0,0.0,1.0,2.020,6.061,91.919,0.0,0.0,0.0,99.0,0.0,0.0,0.0,0.0,1.0,1.0,1.0,98.0,0.0,0.0,0.0,99.010,0.0,0.0,0.0,0.990,0.0,0.0,0.0,100.0,0.0,0.0,0.0,0.0,0.0,0.0,0.0,0.0,0.0,4997.0,1131.0
99.0,0.0,0.0,0.0,1.0,0.0,100.0,0.0,0.0,0.0,0.0,0.0,1.980,20.792,77.228,0.0,0.0,0.0,0.0,0.0,100.0,0.0,0.0,0.0,99.010,0.0,0.0,0.0,0.990,0.0,1.0,5.0,94.0,0.0,0.0,0.0,100.0,0.0,0.0,0.0,0.0,0.0,0.0,0.0,100.0,0.0,0.0,0.0,0.0,77824.0,60.0,42.0,0.0,0.0,4964.0,1131.0
85.0,2.0,13.0,0.0,0.0,0.0,100.0,0.0,0.0,0.0,0.0,0.0,15.306,6.122,78.571,0.0,0.0,0.0,1.0,18.0,81.0,0.0,0.0,0.0,100.0,0.0,0.0,0.0,0.0,0.0,0.0,0.0,100.0,0.0,0.0,0.0,100.0,0.0,0.0,0.0,0.0,0.0,0.0,0.0,100.0,0.0,0.0,0.0,0.0,0.0,0.0,0.0,0.0,0.0,5024.0,1207.0
4.0,28.0,68.0,0.0,0.0,0.0,99.010,0.0,0.0,0.0,0.990,0.0,99.010,0.0,0.0,0.0,0.990,0.0,0.0,0.0,100.0,0.0,0.0,0.0,100.0,0.0,0.0,0.0,0.0,0.0,0.0,0.0,100.0,0.0,0.0,0.0,100.0,0.0,0.0,0.0,0.0,0.0,0.0,0.0,100.0,0.0,0.0,0.0,0.0,0.0,0.0,0.0,0.0,0.0,5110.0,1157.0
2.020,10.101,87.879,0.0,0.0,0.0,100.0,0.0,0.0,0.0,0.0,0.0,100.0,0.0,0.0,0.0,0.0,0.0,2.0,16.0,82.0,0.0,0.0,0.0,100.0,0.0,0.0,0.0,0.0,0.0,0.0,0.0,100.0,0.0,0.0,0.0,99.0,0.0,0.0,0.0,1.0,0.0,0.0,0.0,100.0,0.0,0.0,0.0,0.0,0.0,0.0,0.0,0.0,0.0,5113.0,1134.0
1.980,9.901,87.129,0.0,0.0,0.990,100.0,0.0,0.0,0.0,0.0,0.0,100.0,0.0,0.0,0.0,0.0,0.0,0.0,1.0,99.0,0.0,0.0,0.0,99.010,0.0,0.0,0.0,0.990,0.0,1.0,17.0,82.0,0.0,0.0,0.0,100.0,0.0,0.0,0.0,0.0,0.0,0.0,0.0,100.0,0.0,0.0,0.0,0.0,0.0,0.0,0.0,0.0,0.0,5108.0,1133.0
2.020,11.111,86.869,0.0,0.0,0.0,99.010,0.990,0.0,0.0,0.0,0.0,99.010,0.0,0.0,0.0,0.990,0.0,0.0,0.0,100.0,0.0,0.0,0.0,100.0,0.0,0.0,0.0,0.0,0.0,2.0,13.0,85.0,0.0,0.0,0.0,100.0,0.0,0.0,0.0,0.0,0.0,0.0,0.0,100.0,0.0,0.0,0.0,0.0,1175552.0,74.0,54.0,0.0,0.0,5067.0,1152.0
2.0,8.0,90.0,0.0,0.0,0.0,99.0,0.0,0.0,0.0,1.0,0.0,100.0,0.0,0.0,0.0,0.0,0.0,1.0,1.0,98.0,0.0,0.0,0.0,100.0,0.0,0.0,0.0,0.0,0.0,1.010,20.202,78.788,0.0,0.0,0.0,98.020,0.0,0.0,0.0,0.990,0.990,0.0,0.990,99.010,0.0,0.0,0.0,0.0,0.0,0.0,0.0,0.0,0.0,5193.0,1258.0
1.010,18.182,80.808,0.0,0.0,0.0,100.0,0.0,0.0,0.0,0.0,0.0,99.010,0.0,0.0,0.0,0.0,0.990,0.990,4.950,92.079,0.0,0.990,0.990,100.0,0.0,0.0,0.0,0.0,0.0,0.0,0.0,100.0,0.0,0.0,0.0,100.0,0.0,0.0,0.0,0.0,0.0,0.0,0.0,100.0,0.0,0.0,0.0,0.0,0.0,0.0,0.0,0.0,0.0,4908.0,1081.0
1.980,5.941,91.089,0.0,0.0,0.990,99.010,0.0,0.990,0.0,0.0,0.0,100.0,0.0,0.0,0.0,0.0,0.0,1.980,18.812,79.208,0.0,0.0,0.0,79.798,0.0,20.202,0.0,0.0,0.0,0.990,0.990,98.020,0.0,0.0,0.0,76.0,0.0,24.0,0.0,0.0,0.0,3.030,0.0,96.970,0.0,0.0,0.0,0.0,0.0,0.0,0.0,0.0,0.0,4745.0,1085.0
0.0,0.0,100.0,0.0,0.0,0.0,11.224,2.041,86.735,0.0,0.0,0.0,71.569,0.0,27.451,0.0,0.980,0.0,0.0,1.010,98.990,0.0,0.0,0.0,16.832,0.990,82.178,0.0,0.0,0.0,0.0,17.0,83.0,0.0,0.0,0.0,0.0,0.0,100.0,0.0,0.0,0.0,0.0,0.0,100.0,0.0,0.0,0.0,0.0,0.0,0.0,0.0,0.0,0.0,2338.0,442.0
1.0,0.0,97.0,0.0,1.0,1.0,1.0,16.0,83.0,0.0,0.0,0.0,0.0,0.0,100.0,0.0,0.0,0.0,0.0,0.0,100.0,0.0,0.0,0.0,93.939,2.020,3.030,0.0,1.010,0.0,0.0,0.0,100.0,0.0,0.0,0.0,0.0,0.0,100.0,0.0,0.0,0.0,0.0,0.0,100.0,0.0,0.0,0.0,0.0,253952.0,0.0,0.0,0.0,0.0,1951.0,381.0
20.0,2.0,77.0,0.0,0.0,1.0,16.832,23.762,58.416,0.0,0.990,0.0,20.0,3.0,77.0,0.0,0.0,0.0,16.0,4.0,80.0,0.0,0.0,0.0,16.832,8.911,74.257,0.0,0.0,0.0,21.0,2.0,77.0,0.0,0.0,0.0,59.596,7.071,33.333,0.0,0.0,0.0,22.222,2.020,75.758,0.0,0.0,0.0,0.0,0.0,0.0,0.0,0.0,0.0,3966.0,2143.0
83.0,17.0,0.0,0.0,0.0,0.0,93.939,0.0,6.061,0.0,0.0,0.0,100.0,0.0,0.0,0.0,0.0,0.0,70.707,29.293,0.0,0.0,0.0,0.0,100.0,0.0,0.0,0.0,0.0,0.0,98.020,0.0,0.0,0.0,0.990,0.990,99.0,0.0,0.0,0.0,1.0,0.0,99.010,0.990,0.0,0.0,0.0,0.0,0.0,0.0,0.0,0.0,0.0,0.0,8112.0,2129.0
73.0,26.0,0.0,0.0,0.0,1.0,93.137,5.882,0.0,0.0,0.0,0.980,94.0,6.0,0.0,0.0,0.0,0.0,95.960,4.040,0.0,0.0,0.0,0.0,97.059,0.980,0.0,0.0,0.980,0.980,100.0,0.0,0.0,0.0,0.0,0.0,100.0,0.0,0.0,0.0,0.0,0.0,100.0,0.0,0.0,0.0,0.0,0.0,0.0,0.0,0.0,0.0,0.0,0.0,8147.0,2154.0
81.188,17.822,0.0,0.0,0.990,0.0,100.0,0.0,0.0,0.0,0.0,0.0,81.188,17.822,0.0,0.0,0.990,0.0,99.010,0.0,0.0,0.0,0.990,0.0,100.0,0.0,0.0,0.0,0.0,0.0,100.0,0.0,0.0,0.0,0.0,0.0,100.0,0.0,0.0,0.0,0.0,0.0,98.039,0.0,0.0,0.0,0.980,0.980,0.0,0.0,0.0,0.0,0.0,0.0,8145.0,2135.0
78.0,22.0,0.0,0.0,0.0,0.0,90.0,9.0,0.0,0.0,1.0,0.0,100.0,0.0,0.0,0.0,0.0,0.0,100.0,0.0,0.0,0.0,0.0,0.0,94.0,6.0,0.0,0.0,0.0,0.0,99.0,0.0,0.0,0.0,1.0,0.0,100.0,0.0,0.0,0.0,0.0,0.0,100.0,0.0,0.0,0.0,0.0,0.0,0.0,110592.0,74.0,54.0,0.0,0.0,8140.0,2125.0
72.727,27.273,0.0,0.0,0.0,0.0,100.0,0.0,0.0,0.0,0.0,0.0,88.0,10.0,2.0,0.0,0.0,0.0,100.0,0.0,0.0,0.0,0.0,0.0,100.0,0.0,0.0,0.0,0.0,0.0,100.0,0.0,0.0,0.0,0.0,0.0,98.039,0.0,0.0,0.0,0.980,0.980,100.0,0.0,0.0,0.0,0.0,0.0,0.0,0.0,0.0,0.0,0.0,0.0,8179.0,2216.0
76.0,24.0,0.0,0.0,0.0,0.0,100.0,0.0,0.0,0.0,0.0,0.0,100.0,0.0,0.0,0.0,0.0,0.0,99.0,0.0,0.0,0.0,0.0,1.0,99.0,0.0,0.0,0.0,1.0,0.0,80.808,17.172,2.020,0.0,0.0,0.0,100.0,0.0,0.0,0.0,0.0,0.0,100.0,0.0,0.0,0.0,0.0,0.0,0.0,0.0,0.0,0.0,0.0,0.0,8148.0,2156.0
99.0,0.0,0.0,0.0,1.0,0.0,92.0,6.0,1.0,0.0,1.0,0.0,97.087,0.971,0.0,0.0,0.971,0.971,80.198,8.911,9.901,0.0,0.990,0.0,85.859,1.010,13.131,0.0,0.0,0.0,76.0,24.0,0.0,0.0,0.0,0.0,100.0,0.0,0.0,0.0,0.0,0.0,96.970,2.020,0.0,0.0,1.010,0.0,0.0,0.0,0.0,0.0,0.0,0.0,8060.0,2168.0
74.0,6.0,20.0,0.0,0.0,0.0,95.960,2.020,2.020,0.0,0.0,0.0,84.536,10.309,5.155,0.0,0.0,0.0,54.0,3.0,43.0,0.0,0.0,0.0,63.636,24.242,12.121,0.0,0.0,0.0,70.297,8.911,19.802,0.0,0.990,0.0,83.168,2.970,12.871,0.0,0.990,0.0,74.0,6.0,20.0,0.0,0.0,0.0,0.0,0.0,0.0,0.0,0.0,0.0,7329.0,2392.0
99.010,0.0,0.0,0.0,0.0,0.990,92.929,7.071,0.0,0.0,0.0,0.0,100.0,0.0,0.0,0.0,0.0,0.0,100.0,0.0,0.0,0.0,0.0,0.0,66.667,30.392,0.980,0.0,0.980,0.980,100.0,0.0,0.0,0.0,0.0,0.0,96.970,3.030,0.0,0.0,0.0,0.0,100.0,0.0,0.0,0.0,0.0,0.0,0.0,118784.0,0.0,0.0,0.0,0.0,8168.0,2166.0
99.0,0.0,0.0,0.0,1.0,0.0,98.039,0.0,0.0,0.0,0.980,0.980,99.010,0.0,0.0,0.0,0.990,0.0,99.0,0.0,0.0,0.0,1.0,0.0,77.778,22.222,0.0,0.0,0.0,0.0,98.020,0.990,0.0,0.0,0.0,0.990,84.0,16.0,0.0,0.0,0.0,0.0,98.0,1.0,0.0,0.0,1.0,0.0,0.0,0.0,0.0,0.0,0.0,0.0,8186.0,2238.0
87.879,11.111,1.010,0.0,0.0,0.0,100.0,0.0,0.0,0.0,0.0,0.0,96.0,4.0,0.0,0.0,0.0,0.0,100.0,0.0,0.0,0.0,0.0,0.0,100.0,0.0,0.0,0.0,0.0,0.0,99.010,0.0,0.0,0.0,0.990,0.0,99.0,0.0,0.0,0.0,1.0,0.0,77.228,21.782,0.0,0.0,0.0,0.990,0.0,0.0,0.0,0.0,0.0,0.0,8151.0,2159.0
80.0,20.0,0.0,0.0,0.0,0.0,100.0,0.0,0.0,0.0,0.0,0.0,100.0,0.0,0.0,0.0,0.0,0.0,82.0,17.0,1.0,0.0,0.0,0.0,100.0,0.0,0.0,0.0,0.0,0.0,100.0,0.0,0.0,0.0,0.0,0.0,100.0,0.0,0.0,0.0,0.0,0.0,100.0,0.0,0.0,0.0,0.0,0.0,0.0,0.0,0.0,0.0,0.0,0.0,8127.0,2122.0
100.0,0.0,0.0,0.0,0.0,0.0,99.0,1.0,0.0,0.0,0.0,0.0,100.0,0.0,0.0,0.0,0.0,0.0,76.768,22.222,1.010,0.0,0.0,0.0,91.089,7.921,0.0,0.0,0.990,0.0,100.0,0.0,0.0,0.0,0.0,0.0,95.0,4.0,0.0,0.0,0.0,1.0,100.0,0.0,0.0,0.0,0.0,0.0,0.0,0.0,0.0,0.0,0.0,0.0,8140.0,2117.0
96.040,2.970,0.0,0.0,0.990,0.0,72.0,27.0,0.0,0.0,1.0,0.0,99.0,0.0,0.0,0.0,1.0,0.0,98.020,0.990,0.0,0.0,0.990,0.0,91.0,9.0,0.0,0.0,0.0,0.0,100.0,0.0,0.0,0.0,0.0,0.0,100.0,0.0,0.0,0.0,0.0,0.0,99.0,0.0,0.0,0.0,1.0,0.0,0.0,45056.0,74.0,54.0,0.0,0.0,8163.0,2163.0
90.0,7.0,3.0,0.0,0.0,0.0,100.0,0.0,0.0,0.0,0.0,0.0,61.386,1.980,35.644,0.0,0.0,0.990,42.0,20.0,37.0,0.0,0.0,1.0,64.286,5.102,30.612,0.0,0.0,0.0,66.0,0.0,33.0,0.0,1.0,0.0,63.366,0.990,34.653,0.0,0.990,0.0,65.347,0.0,34.653,0.0,0.0,0.0,0.0,0.0,0.0,0.0,0.0,0.0,6592.0,1915.0
12.121,21.212,65.657,0.0,0.0,1.010,29.703,1.980,68.317,0.0,0.0,0.0,90.0,1.0,9.0,0.0,0.0,0.0,88.0,0.0,12.0,0.0,0.0,0.0,71.0,25.0,4.0,0.0,0.0,0.0,0.0,0.0,100.0,0.0,0.0,0.0,94.0,0.0,6.0,0.0,0.0,0.0,0.0,0.0,100.0,0.0,0.0,0.0,0.0,0.0,0.0,0.0,0.0,0.0,5353.0,1646.0
2.0,5.0,93.0,0.0,0.0,0.0,2.020,28.283,69.697,0.0,0.0,0.0,99.010,0.0,0.0,0.0,0.990,0.0,99.0,0.0,0.0,0.0,1.0,0.0,99.010,0.0,0.0,0.0,0.990,0.0,1.0,3.0,96.0,0.0,0.0,0.0,100.0,0.0,0.0,0.0,0.0,0.0,0.0,0.0,100.0,0.0,0.0,0.0,0.0,0.0,0.0,0.0,0.0,0.0,5464.0,1433.0
3.0,27.0,70.0,0.0,0.0,0.0,1.980,6.931,90.099,0.0,0.0,0.990,100.0,0.0,0.0,0.0,0.0,0.0,100.0,0.0,0.0,0.0,0.0,0.0,100.0,0.0,0.0,0.0,0.0,0.0,0.0,0.0,100.0,0.0,0.0,0.0,100.0,0.0,0.0,0.0,0.0,0.0,0.0,1.0,99.0,0.0,0.0,0.0,0.0,0.0,0.0,0.0,0.0,0.0,5340.0,1389.0
0.0,3.0,96.0,0.0,0.0,1.0,1.0,1.0,98.0,0.0,0.0,0.0,100.0,0.0,0.0,0.0,0.0,0.0,100.0,0.0,0.0,0.0,0.0,0.0,100.0,0.0,0.0,0.0,0.0,0.0,0.0,1.010,98.990,0.0,0.0,0.0,99.010,0.0,0.0,0.0,0.990,0.0,3.0,31.0,66.0,0.0,0.0,0.0,0.0,77824.0,60.0,42.0,0.0,0.0,5352.0,1424.0
2.020,21.212,76.768,0.0,0.0,0.0,37.624,6.931,54.455,0.0,0.990,0.0,99.0,0.0,0.0,0.0,1.0,0.0,64.356,0.990,34.653,0.0,0.0,0.0,99.010,0.0,0.0,0.0,0.0,0.990,1.0,5.0,94.0,0.0,0.0,0.0,100.0,0.0,0.0,0.0,0.0,0.0,0.0,1.0,99.0,0.0,0.0,0.0,0.0,0.0,0.0,0.0,0.0,0.0,5331.0,1471.0
0.990,19.802,77.228,0.0,0.990,0.990,30.303,0.0,69.697,0.0,0.0,0.0,34.0,0.0,66.0,0.0,0.0,0.0,37.374,3.030,59.596,0.0,0.0,0.0,36.634,1.980,61.386,0.0,0.0,0.0,3.0,1.0,96.0,0.0,0.0,0.0,22.222,3.030,74.747,0.0,0.0,0.0,0.0,1.0,99.0,0.0,0.0,0.0,0.0,0.0,0.0,0.0,0.0,0.0,3023.0,890.0
67.327,11.881,20.792,0.0,0.0,0.0,76.0,2.0,22.0,0.0,0.0,0.0,74.747,5.051,20.202,0.0,0.0,0.0,75.0,3.0,21.0,0.0,1.0,0.0,77.0,2.0,20.0,0.0,1.0,0.0,56.0,17.0,27.0,0.0,0.0,0.0,73.0,18.0,9.0,0.0,0.0,0.0,74.747,1.010,24.242,0.0,0.0,0.0,0.0,0.0,0.0,0.0,0.0,0.0,7413.0,2793.0
74.490,24.490,1.020,0.0,0.0,0.0,100.0,0.0,0.0,0.0,0.0,0.0,100.0,0.0,0.0,0.0,0.0,0.0,100.0,0.0,0.0,0.0,0.0,0.0,100.0,0.0,0.0,0.0,0.0,0.0,100.0,0.0,0.0,0.0,0.0,0.0,99.0,0.0,0.0,0.0,1.0,0.0,88.119,9.901,0.990,0.0,0.990,0.0,0.0,0.0,220.0,233.0,0.0,0.0,8114.0,1982.0
97.980,2.020,0.0,0.0,0.0,0.0,99.010,0.0,0.0,0.0,0.990,0.0,88.119,10.891,0.0,0.0,0.990,0.0,100.0,0.0,0.0,0.0,0.0,0.0,100.0,0.0,0.0,0.0,0.0,0.0,98.039,0.0,0.0,0.0,0.980,0.980,100.0,0.0,0.0,0.0,0.0,0.0,80.0,20.0,0.0,0.0,0.0,0.0,0.0,106496.0,74.0,54.0,0.0,0.0,8120.0,1998.0
78.218,20.792,0.0,0.0,0.990,0.0,100.0,0.0,0.0,0.0,0.0,0.0,100.0,0.0,0.0,0.0,0.0,0.0,98.020,0.0,0.0,0.0,0.990,0.990,99.0,0.0,0.0,0.0,1.0,0.0,100.0,0.0,0.0,0.0,0.0,0.0,88.0,11.0,1.0,0.0,0.0,0.0,99.010,0.0,0.0,0.0,0.0,0.990,0.0,0.0,0.0,0.0,0.0,0.0,8142.0,2036.0
98.990,1.010,0.0,0.0,0.0,0.0,100.0,0.0,0.0,0.0,0.0,0.0,99.010,0.0,0.0,0.0,0.0,0.990,100.0,0.0,0.0,0.0,0.0,0.0,100.0,0.0,0.0,0.0,0.0,0.0,100.0,0.0,0.0,0.0,0.0,0.0,70.297,27.723,0.0,0.0,0.990,0.990,100.0,0.0,0.0,0.0,0.0,0.0,0.0,0.0,0.0,0.0,0.0,0.0,8104.0,1954.0
100.0,0.0,0.0,0.0,0.0,0.0,99.0,0.0,0.0,0.0,1.0,0.0,100.0,0.0,0.0,0.0,0.0,0.0,100.0,0.0,0.0,0.0,0.0,0.0,94.0,6.0,0.0,0.0,0.0,0.0,100.0,0.0,0.0,0.0,0.0,0.0,81.0,19.0,0.0,0.0,0.0,0.0,92.0,7.0,0.0,0.0,1.0,0.0,0.0,0.0,0.0,0.0,0.0,0.0,8096.0,1961.0
98.020,0.0,0.0,0.0,0.990,0.990,100.0,0.0,0.0,0.0,0.0,0.0,99.010,0.0,0.0,0.0,0.990,0.0,99.010,0.0,0.0,0.0,0.990,0.0,79.208,19.802,0.0,0.0,0.990,0.0,94.0,4.0,1.0,0.0,1.0,0.0,92.929,6.061,1.010,0.0,0.0,0.0,100.0,0.0,0.0,0.0,0.0,0.0,0.0,0.0,0.0,0.0,0.0,0.0,8103.0,1975.0
87.0,13.0,0.0,0.0,0.0,0.0,99.0,0.0,0.0,0.0,0.0,1.0,100.0,0.0,0.0,0.0,0.0,0.0,100.0,0.0,0.0,0.0,0.0,0.0,99.0,0.0,0.0,0.0,0.0,1.0,100.0,0.0,0.0,0.0,0.0,0.0,78.218,19.802,0.990,0.0,0.990,0.0,100.0,0.0,0.0,0.0,0.0,0.0,0.0,77824.0,0.0,0.0,0.0,0.0,8114.0,1987.0
80.0,20.0,0.0,0.0,0.0,0.0,99.010,0.0,0.0,0.0,0.990,0.0,100.0,0.0,0.0,0.0,0.0,0.0,100.0,0.0,0.0,0.0,0.0,0.0,95.960,4.040,0.0,0.0,0.0,0.0,93.0,7.0,0.0,0.0,0.0,0.0,100.0,0.0,0.0,0.0,0.0,0.0,98.020,0.990,0.0,0.0,0.990,0.0,0.0,0.0,0.0,0.0,0.0,0.0,8127.0,2024.0
88.889,11.111,0.0,0.0,0.0,0.0,100.0,0.0,0.0,0.0,0.0,0.0,99.0,0.0,0.0,0.0,1.0,0.0,99.010,0.0,0.0,0.0,0.990,0.0,79.0,21.0,0.0,0.0,0.0,0.0,99.010,0.0,0.0,0.0,0.990,0.0,98.0,2.0,0.0,0.0,0.0,0.0,100.0,0.0,0.0,0.0,0.0,0.0,0.0,0.0,0.0,0.0,0.0,0.0,8097.0,1990.0
91.089,7.921,0.0,0.0,0.990,0.0,100.0,0.0,0.0,0.0,0.0,0.0,100.0,0.0,0.0,0.0,0.0,0.0,100.0,0.0,0.0,0.0,0.0,0.0,94.059,4.950,0.0,0.0,0.990,0.0,100.0,0.0,0.0,0.0,0.0,0.0,78.0,22.0,0.0,0.0,0.0,0.0,100.0,0.0,0.0,0.0,0.0,0.0,0.0,0.0,0.0,0.0,0.0,0.0,8110.0,1977.0
100.0,0.0,0.0,0.0,0.0,0.0,99.0,0.0,0.0,0.0,1.0,0.0,100.0,0.0,0.0,0.0,0.0,0.0,100.0,0.0,0.0,0.0,0.0,0.0,69.388,30.612,0.0,0.0,0.0,0.0,100.0,0.0,0.0,0.0,0.0,0.0,99.010,0.0,0.0,0.0,0.990,0.0,99.010,0.0,0.0,0.0,0.990,0.0,0.0,0.0,0.0,0.0,0.0,0.0,8098.0,1955.0
96.0,3.0,1.0,0.0,0.0,0.0,46.535,5.941,47.525,0.0,0.0,0.0,72.727,3.030,24.242,0.0,0.0,0.0,100.0,0.0,0.0,0.0,0.0,0.0,30.693,28.713,40.594,0.0,0.0,0.0,96.0,3.0,0.0,0.0,1.0,0.0,99.0,0.0,1.0,0.0,0.0,0.0,78.571,3.061,18.367,0.0,0.0,0.0,0.0,77824.0,74.0,54.0,0.0,0.0,7178.0,1765.0
67.677,17.172,14.141,0.0,1.010,0.0,69.697,1.010,29.293,0.0,0.0,0.0,67.327,0.0,31.683,0.0,0.990,0.0,79.412,2.941,15.686,0.0,0.980,0.980,69.388,0.0,30.612,0.0,0.0,0.0,77.228,9.901,11.881,0.0,0.0,0.990,71.717,16.162,11.111,0.0,0.0,1.010,68.317,0.990,30.693,0.0,0.0,0.0,0.0,0.0,0.0,0.0,0.0,0.0,6758.0,2120.0
100.0,0.0,0.0,0.0,0.0,0.0,99.010,0.0,0.0,0.0,0.0,0.990,99.0,0.0,0.0,0.0,0.0,1.0,100.0,0.0,0.0,0.0,0.0,0.0,99.010,0.0,0.0,0.0,0.990,0.0,100.0,0.0,0.0,0.0,0.0,0.0,64.356,33.663,0.990,0.0,0.990,0.0,99.0,0.0,0.0,0.0,0.0,1.0,0.0,0.0,0.0,0.0,0.0,0.0,8094.0,1949.0
99.010,0.0,0.0,0.0,0.0,0.990,99.0,0.0,0.0,0.0,1.0,0.0,100.0,0.0,0.0,0.0,0.0,0.0,100.0,0.0,0.0,0.0,0.0,0.0,86.0,12.0,2.0,0.0,0.0,0.0,100.0,0.0,0.0,0.0,0.0,0.0,80.808,19.192,0.0,0.0,0.0,0.0,99.010,0.0,0.0,0.0,0.990,0.0,0.0,0.0,0.0,0.0,0.0,0.0,8103.0,1949.0
100.0,0.0,0.0,0.0,0.0,0.0,97.0,3.0,0.0,0.0,0.0,0.0,100.0,0.0,0.0,0.0,0.0,0.0,99.010,0.0,0.0,0.0,0.990,0.0,78.788,21.212,0.0,0.0,0.0,0.0,99.0,0.0,0.0,0.0,1.0,0.0,97.0,3.0,0.0,0.0,0.0,0.0,95.960,3.030,1.010,0.0,0.0,0.0,0.0,0.0,0.0,0.0,0.0,0.0,8106.0,1976.0
98.039,0.980,0.0,0.0,0.980,0.0,80.808,19.192,0.0,0.0,0.0,0.0,98.020,0.990,0.0,0.0,0.990,0.0,100.0,0.0,0.0,0.0,0.0,0.0,98.039,0.0,0.0,0.0,0.980,0.980,100.0,0.0,0.0,0.0,0.0,0.0,99.0,0.0,0.0,0.0,1.0,0.0,86.0,13.0,1.0,0.0,0.0,0.0,0.0,147456.0,0.0,0.0,0.0,0.0,8116.0,1996.0
100.0,0.0,0.0,0.0,0.0,0.0,99.0,0.0,0.0,0.0,1.0,0.0,90.909,8.081,1.010,0.0,0.0,0.0,100.0,0.0,0.0,0.0,0.0,0.0,100.0,0.0,0.0,0.0,0.0,0.0,100.0,0.0,0.0,0.0,0.0,0.0,100.0,0.0,0.0,0.0,0.0,0.0,76.0,22.0,1.0,0.0,1.0,0.0,0.0,0.0,0.0,0.0,0.0,0.0,8143.0,2035.0
80.808,19.192,0.0,0.0,0.0,0.0,100.0,0.0,0.0,0.0,0.0,0.0,86.0,13.0,1.0,0.0,0.0,0.0,99.0,0.0,0.0,0.0,1.0,0.0,100.0,0.0,0.0,0.0,0.0,0.0,99.010,0.0,0.0,0.0,0.990,0.0,100.0,0.0,0.0,0.0,0.0,0.0,100.0,0.0,0.0,0.0,0.0,0.0,0.0,0.0,0.0,0.0,0.0,0.0,8107.0,1979.0
97.030,1.980,0.0,0.0,0.990,0.0,100.0,0.0,0.0,0.0,0.0,0.0,74.0,24.0,1.0,0.0,1.0,0.0,100.0,0.0,0.0,0.0,0.0,0.0,99.0,1.0,0.0,0.0,0.0,0.0,100.0,0.0,0.0,0.0,0.0,0.0,92.079,7.921,0.0,0.0,0.0,0.0,100.0,0.0,0.0,0.0,0.0,0.0,0.0,0.0,0.0,0.0,0.0,0.0,8105.0,1971.0
100.0,0.0,0.0,0.0,0.0,0.0,100.0,0.0,0.0,0.0,0.0,0.0,67.0,30.0,3.0,0.0,0.0,0.0,100.0,0.0,0.0,0.0,0.0,0.0,96.040,2.970,0.0,0.0,0.990,0.0,100.0,0.0,0.0,0.0,0.0,0.0,99.0,0.0,0.0,0.0,1.0,0.0,100.0,0.0,0.0,0.0,0.0,0.0,0.0,0.0,0.0,0.0,0.0,0.0,8100.0,1971.0
100.0,0.0,0.0,0.0,0.0,0.0,99.0,0.0,0.0,0.0,1.0,0.0,100.0,0.0,0.0,0.0,0.0,0.0,99.010,0.0,0.0,0.0,0.990,0.0,67.677,31.313,1.010,0.0,0.0,0.0,100.0,0.0,0.0,0.0,0.0,0.0,99.010,0.0,0.0,0.0,0.0,0.990,99.0,0.0,0.0,0.0,1.0,0.0,0.0,114688.0,74.0,54.0,0.0,0.0,8115.0,1967.0
100.0,0.0,0.0,0.0,0.0,0.0,98.039,0.0,0.980,0.0,0.0,0.980,98.039,0.0,0.0,0.0,0.980,0.980,99.0,0.0,0.0,0.0,0.0,1.0,82.0,18.0,0.0,0.0,0.0,0.0,98.020,0.0,0.0,0.0,0.990,0.990,89.899,10.101,0.0,0.0,0.0,0.0,99.010,0.0,0.0,0.0,0.0,0.990,0.0,0.0,0.0,0.0,0.0,0.0,8128.0,2000.0
98.039,0.0,0.0,0.0,0.980,0.980,94.0,6.0,0.0,0.0,0.0,0.0,100.0,0.0,0.0,0.0,0.0,0.0,100.0,0.0,0.0,0.0,0.0,0.0,99.0,0.0,0.0,0.0,1.0,0.0,92.0,7.0,1.0,0.0,0.0,0.0,79.208,19.802,0.0,0.0,0.990,0.0,100.0,0.0,0.0,0.0,0.0,0.0,0.0,0.0,0.0,0.0,0.0,0.0,8105.0,1963.0
100.0,0.0,0.0,0.0,0.0,0.0,47.0,25.0,27.0,0.0,1.0,0.0,76.768,3.030,20.202,0.0,0.0,0.0,75.248,0.990,22.772,0.0,0.990,0.0,70.0,1.0,29.0,0.0,0.0,0.0,100.0,0.0,0.0,0.0,0.0,0.0,60.606,2.020,37.374,0.0,0.0,0.0,99.010,0.0,0.0,0.0,0.990,0.0,0.0,0.0,0.0,0.0,0.0,0.0,7257.0,1754.0
100.0,0.0,0.0,0.0,0.0,0.0,14.141,2.020,83.838,0.0,0.0,0.0,1.0,1.0,98.0,0.0,0.0,0.0,1.010,17.172,81.818,0.0,0.0,0.0,23.232,0.0,76.768,0.0,0.0,0.0,13.0,0.0,87.0,0.0,0.0,0.0,0.0,0.0,100.0,0.0,0.0,0.0,26.0,0.0,74.0,0.0,0.0,0.0,0.0,0.0,0.0,0.0,0.0,0.0,2958.0,633.0
79.208,0.0,19.802,0.0,0.990,0.0,68.0,16.0,15.0,0.0,0.0,1.0,2.0,9.0,89.0,0.0,0.0,0.0,0.990,0.990,98.020,0.0,0.0,0.0,84.0,3.0,13.0,0.0,0.0,0.0,0.0,2.0,98.0,0.0,0.0,0.0,68.0,0.0,32.0,0.0,0.0,0.0,0.0,0.0,100.0,0.0,0.0,0.0,0.0,73728.0,60.0,42.0,0.0,0.0,4175.0,1139.0
100.0,0.0,0.0,0.0,0.0,0.0,100.0,0.0,0.0,0.0,0.0,0.0,3.0,14.0,83.0,0.0,0.0,0.0,0.0,12.121,87.879,0.0,0.0,0.0,100.0,0.0,0.0,0.0,0.0,0.0,0.0,0.0,100.0,0.0,0.0,0.0,100.0,0.0,0.0,0.0,0.0,0.0,0.0,3.0,97.0,0.0,0.0,0.0,0.0,0.0,0.0,0.0,0.0,0.0,5211.0,1279.0
100.0,0.0,0.0,0.0,0.0,0.0,99.0,0.0,0.0,0.0,1.0,0.0,2.020,11.111,85.859,0.0,0.0,1.010,2.0,19.0,79.0,0.0,0.0,0.0,98.039,0.0,0.0,0.0,0.980,0.980,0.0,0.0,100.0,0.0,0.0,0.0,99.010,0.990,0.0,0.0,0.0,0.0,0.0,0.0,100.0,0.0,0.0,0.0,0.0,0.0,0.0,0.0,0.0,0.0,5193.0,1226.0
99.010,0.0,0.0,0.0,0.990,0.0,100.0,0.0,0.0,0.0,0.0,0.0,2.970,10.891,86.139,0.0,0.0,0.0,2.020,18.182,79.798,0.0,0.0,0.0,100.0,0.0,0.0,0.0,0.0,0.0,0.0,0.0,100.0,0.0,0.0,0.0,99.0,0.0,0.0,0.0,1.0,0.0,0.0,0.0,100.0,0.0,0.0,0.0,0.0,0.0,0.0,0.0,0.0,0.0,5182.0,1213.0
100.0,0.0,0.0,0.0,0.0,0.0,100.0,0.0,0.0,0.0,0.0,0.0,1.010,5.051,93.939,0.0,0.0,0.0,2.0,26.0,72.0,0.0,0.0,0.0,100.0,0.0,0.0,0.0,0.0,0.0,0.0,1.0,99.0,0.0,0.0,0.0,100.0,0.0,0.0,0.0,0.0,0.0,0.0,0.0,100.0,0.0,0.0,0.0,0.0,0.0,0.0,0.0,0.0,0.0,5145.0,1212.0
99.010,0.0,0.0,0.0,0.990,0.0,100.0,0.0,0.0,0.0,0.0,0.0,2.0,10.0,87.0,0.0,0.0,1.0,1.980,19.802,78.218,0.0,0.0,0.0,100.0,0.0,0.0,0.0,0.0,0.0,0.0,0.990,98.020,0.990,0.0,0.0,100.0,0.0,0.0,0.0,0.0,0.0,0.0,0.0,100.0,0.0,0.0,0.0,0.0,53248.0,0.0,0.0,0.0,0.0,5236.0,1245.0
100.0,0.0,0.0,0.0,0.0,0.0,99.010,0.0,0.0,0.0,0.990,0.0,1.961,8.824,88.235,0.0,0.980,0.0,2.020,19.192,78.788,0.0,0.0,0.0,99.010,0.0,0.0,0.0,0.990,0.0,0.0,0.0,100.0,0.0,0.0,0.0,100.0,0.0,0.0,0.0,0.0,0.0,0.0,0.990,99.010,0.0,0.0,0.0,0.0,0.0,74.0,54.0,0.0,0.0,5098.0,1243.0
100.0,0.0,0.0,0.0,0.0,0.0,100.0,0.0,0.0,0.0,0.0,0.0,2.020,22.222,75.758,0.0,0.0,0.0,0.990,6.931,91.089,0.0,0.0,0.990,100.0,0.0,0.0,0.0,0.0,0.0,0.0,0.0,100.0,0.0,0.0,0.0,99.0,0.0,0.0,0.0,1.0,0.0,0.0,0.0,100.0,0.0,0.0,0.0,0.0,0.0,0.0,0.0,0.0,0.0,5133.0,1214.0
99.0,0.0,0.0,0.0,1.0,0.0,100.0,0.0,0.0,0.0,0.0,0.0,1.980,19.802,77.228,0.0,0.0,0.990,1.020,8.163,90.816,0.0,0.0,0.0,100.0,0.0,0.0,0.0,0.0,0.0,0.0,0.0,100.0,0.0,0.0,0.0,100.0,0.0,0.0,0.0,0.0,0.0,0.0,0.0,100.0,0.0,0.0,0.0,0.0,0.0,0.0,0.0,0.0,0.0,5087.0,1199.0
17.0,0.0,82.0,0.0,0.0,1.0,38.0,0.0,62.0,0.0,0.0,0.0,1.010,18.182,80.808,0.0,0.0,0.0,2.0,0.0,98.0,0.0,0.0,0.0,28.713,0.990,70.297,0.0,0.0,0.0,2.970,0.0,97.030,0.0,0.0,0.0,75.758,0.0,24.242,0.0,0.0,0.0,2.0,1.0,97.0,0.0,0.0,0.0,0.0,0.0,0.0,0.0,0.0,0.0,2676.0,644.0
42.574,2.970,54.455,0.0,0.0,0.0,0.0,0.0,99.0,0.0,0.0,1.0,0.990,15.842,83.168,0.0,0.0,0.0,0.0,0.990,99.010,0.0,0.0,0.0,0.0,0.0,100.0,0.0,0.0,0.0,0.0,0.0,100.0,0.0,0.0,0.0,54.0,2.0,44.0,0.0,0.0,0.0,0.0,0.0,100.0,0.0,0.0,0.0,0.0,77824.0,0.0,0.0,0.0,0.0,1797.0,383.0
69.0,2.0,28.0,0.0,0.0,1.0,53.465,21.782,23.762,0.0,0.990,0.0,63.636,6.061,30.303,0.0,0.0,0.0,61.386,8.911,28.713,0.0,0.990,0.0,66.667,5.051,28.283,0.0,0.0,0.0,67.0,5.0,27.0,0.0,1.0,0.0,67.0,9.0,23.0,0.0,0.0,1.0,64.646,3.030,32.323,0.0,0.0,0.0,0.0,0.0,0.0,0.0,0.0,0.0,7234.0,3027.0
100.0,0.0,0.0,0.0,0.0,0.0,74.747,24.242,1.010,0.0,0.0,0.0,100.0,0.0,0.0,0.0,0.0,0.0,100.0,0.0,0.0,0.0,0.0,0.0,87.879,10.101,1.010,0.0,1.010,0.0,100.0,0.0,0.0,0.0,0.0,0.0,99.010,0.0,0.0,0.0,0.990,0.0,100.0,0.0,0.0,0.0,0.0,0.0,0.0,0.0,0.0,0.0,0.0,0.0,8105.0,1992.0
99.010,0.0,0.0,0.0,0.990,0.0,85.0,13.0,2.0,0.0,0.0,0.0,99.010,0.0,0.0,0.0,0.990,0.0,100.0,0.0,0.0,0.0,0.0,0.0,80.0,20.0,0.0,0.0,0.0,0.0,100.0,0.0,0.0,0.0,0.0,0.0,99.0,1.0,0.0,0.0,0.0,0.0,99.0,0.0,0.0,0.0,1.0,0.0,0.0,0.0,0.0,0.0,0.0,0.0,8113.0,1998.0
100.0,0.0,0.0,0.0,0.0,0.0,75.248,23.762,0.0,0.0,0.990,0.0,100.0,0.0,0.0,0.0,0.0,0.0,100.0,0.0,0.0,0.0,0.0,0.0,100.0,0.0,0.0,0.0,0.0,0.0,98.020,0.990,0.0,0.0,0.990,0.0,92.0,8.0,0.0,0.0,0.0,0.0,99.0,1.0,0.0,0.0,0.0,0.0,0.0,0.0,0.0,0.0,0.0,0.0,8115.0,2019.0
96.0,2.0,2.0,0.0,0.0,0.0,89.899,10.101,0.0,0.0,0.0,0.0,100.0,0.0,0.0,0.0,0.0,0.0,98.020,0.990,0.0,0.0,0.990,0.0,98.020,0.0,0.0,0.0,0.990,0.990,100.0,0.0,0.0,0.0,0.0,0.0,99.0,0.0,0.0,0.0,1.0,0.0,81.818,17.172,1.010,0.0,0.0,0.0,0.0,40960.0,0.0,0.0,0.0,0.0,8090.0,1951.0
99.010,0.0,0.0,0.0,0.990,0.0,76.0,22.0,1.0,0.0,0.0,1.0,99.010,0.0,0.0,0.0,0.990,0.0,100.0,0.0,0.0,0.0,0.0,0.0,97.0,2.0,1.0,0.0,0.0,0.0,100.0,0.0,0.0,0.0,0.0,0.0,92.929,7.071,0.0,0.0,0.0,0.0,98.0,2.0,0.0,0.0,0.0,0.0,0.0,106496.0,74.0,54.0,0.0,0.0,8152.0,2082.0
100.0,0.0,0.0,0.0,0.0,0.0,100.0,0.0,0.0,0.0,0.0,0.0,100.0,0.0,0.0,0.0,0.0,0.0,100.0,0.0,0.0,0.0,0.0,0.0,80.808,16.162,3.030,0.0,0.0,0.0,99.0,0.0,0.0,0.0,0.0,1.0,100.0,0.0,0.0,0.0,0.0,0.0,81.0,18.0,0.0,0.0,1.0,0.0,0.0,0.0,0.0,0.0,0.0,0.0,8105.0,1990.0
96.0,4.0,0.0,0.0,0.0,0.0,99.0,0.0,0.0,0.0,1.0,0.0,98.020,0.990,0.0,0.0,0.0,0.990,98.039,0.0,0.0,0.0,0.980,0.980,67.327,30.693,0.990,0.0,0.990,0.0,99.010,0.0,0.0,0.0,0.990,0.0,100.0,0.0,0.0,0.0,0.0,0.0,99.010,0.0,0.0,0.0,0.0,0.990,0.0,0.0,0.0,0.0,0.0,0.0,8118.0,2009.0
99.010,0.0,0.0,0.0,0.990,0.0,93.0,7.0,0.0,0.0,0.0,0.0,99.010,0.0,0.0,0.0,0.990,0.0,100.0,0.0,0.0,0.0,0.0,0.0,72.0,27.0,1.0,0.0,0.0,0.0,100.0,0.0,0.0,0.0,0.0,0.0,98.020,0.990,0.0,0.0,0.990,0.0,100.0,0.0,0.0,0.0,0.0,0.0,0.0,0.0,0.0,0.0,0.0,0.0,8101.0,1960.0
99.0,0.0,0.0,0.0,0.0,1.0,100.0,0.0,0.0,0.0,0.0,0.0,100.0,0.0,0.0,0.0,0.0,0.0,96.0,4.0,0.0,0.0,0.0,0.0,96.970,3.030,0.0,0.0,0.0,0.0,95.960,4.040,0.0,0.0,0.0,0.0,79.208,19.802,0.0,0.0,0.0,0.990,99.010,0.0,0.0,0.0,0.990,0.0,0.0,0.0,0.0,0.0,0.0,0.0,8108.0,1994.0
93.0,7.0,0.0,0.0,0.0,0.0,81.0,7.0,11.0,0.0,1.0,0.0,91.837,3.061,5.102,0.0,0.0,0.0,81.818,18.182,0.0,0.0,0.0,0.0,100.0,0.0,0.0,0.0,0.0,0.0,99.010,0.0,0.0,0.0,0.990,0.0,100.0,0.0,0.0,0.0,0.0,0.0,98.0,2.0,0.0,0.0,0.0,0.0,0.0,45056.0,0.0,0.0,0.0,0.0,8110.0,2068.0
70.0,2.0,27.0,0.0,1.0,0.0,86.869,1.010,12.121,0.0,0.0,0.0,69.0,16.0,14.0,0.0,1.0,0.0,55.0,6.0,38.0,0.0,1.0,0.0,79.412,9.804,9.804,0.0,0.980,0.0,29.703,5.941,64.356,0.0,0.0,0.0,51.485,3.960,44.554,0.0,0.0,0.0,82.828,0.0,17.172,0.0,0.0,0.0,0.0,0.0,0.0,0.0,0.0,0.0,6505.0,1632.0
55.556,0.0,44.444,0.0,0.0,0.0,66.0,1.0,33.0,0.0,0.0,0.0,89.0,2.0,9.0,0.0,0.0,0.0,46.0,25.0,29.0,0.0,0.0,0.0,56.566,0.0,43.434,0.0,0.0,0.0,44.444,10.101,45.455,0.0,0.0,0.0,56.436,0.0,42.574,0.0,0.990,0.0,55.0,0.0,45.0,0.0,0.0,0.0,0.0,0.0,0.0,0.0,0.0,0.0,5727.0,1809.0
65.657,34.343,0.0,0.0,0.0,0.0,100.0,0.0,0.0,0.0,0.0,0.0,100.0,0.0,0.0,0.0,0.0,0.0,100.0,0.0,0.0,0.0,0.0,0.0,100.0,0.0,0.0,0.0,0.0,0.0,100.0,0.0,0.0,0.0,0.0,0.0,100.0,0.0,0.0,0.0,0.0,0.0,98.020,0.990,0.0,0.0,0.990,0.0,0.0,0.0,0.0,0.0,0.0,0.0,8108.0,1960.0
67.677,32.323,0.0,0.0,0.0,0.0,99.0,0.0,0.0,0.0,1.0,0.0,99.0,0.0,0.0,0.0,1.0,0.0,100.0,0.0,0.0,0.0,0.0,0.0,97.0,1.0,1.0,0.0,0.0,1.0,100.0,0.0,0.0,0.0,0.0,0.0,100.0,0.0,0.0,0.0,0.0,0.0,100.0,0.0,0.0,0.0,0.0,0.0,0.0,8192.0,0.0,0.0,0.0,0.0,8111.0,1985.0
98.039,0.0,0.0,0.0,0.980,0.980,98.039,0.980,0.0,0.0,0.0,0.980,100.0,0.0,0.0,0.0,0.0,0.0,99.0,0.0,0.0,0.0,1.0,0.0,70.588,27.451,0.980,0.0,0.980,0.0,92.079,6.931,0.0,0.0,0.990,0.0,99.0,0.0,0.0,0.0,1.0,0.0,100.0,0.0,0.0,0.0,0.0,0.0,0.0,98304.0,74.0,54.0,0.0,0.0,8154.0,2080.0
96.0,4.0,0.0,0.0,0.0,0.0,100.0,0.0,0.0,0.0,0.0,0.0,99.0,0.0,0.0,0.0,0.0,1.0,98.020,0.990,0.0,0.0,0.0,0.990,71.717,28.283,0.0,0.0,0.0,0.0,99.0,0.0,0.0,0.0,0.0,1.0,100.0,0.0,0.0,0.0,0.0,0.0,98.020,0.0,0.0,0.0,0.990,0.990,0.0,0.0,0.0,0.0,0.0,0.0,8112.0,1983.0
100.0,0.0,0.0,0.0,0.0,0.0,100.0,0.0,0.0,0.0,0.0,0.0,100.0,0.0,0.0,0.0,0.0,0.0,74.0,25.0,1.0,0.0,0.0,0.0,87.879,12.121,0.0,0.0,0.0,0.0,100.0,0.0,0.0,0.0,0.0,0.0,100.0,0.0,0.0,0.0,0.0,0.0,100.0,0.0,0.0,0.0,0.0,0.0,0.0,0.0,0.0,0.0,0.0,0.0,8118.0,2043.0
100.0,0.0,0.0,0.0,0.0,0.0,98.0,1.0,0.0,0.0,1.0,0.0,99.0,0.0,0.0,0.0,1.0,0.0,88.0,10.0,1.0,0.0,1.0,0.0,78.218,20.792,0.0,0.0,0.990,0.0,99.010,0.0,0.0,0.0,0.990,0.0,99.0,0.0,0.0,0.0,1.0,0.0,100.0,0.0,0.0,0.0,0.0,0.0,0.0,0.0,0.0,0.0,0.0,0.0,8096.0,1972.0
99.0,0.0,0.0,0.0,1.0,0.0,82.828,17.172,0.0,0.0,0.0,0.0,100.0,0.0,0.0,0.0,0.0,0.0,83.0,17.0,0.0,0.0,0.0,0.0,100.0,0.0,0.0,0.0,0.0,0.0,100.0,0.0,0.0,0.0,0.0,0.0,99.010,0.0,0.0,0.0,0.0,0.990,99.010,0.0,0.0,0.0,0.990,0.0,0.0,73728.0,0.0,0.0,0.0,0.0,8127.0,2040.0
95.960,4.040,0.0,0.0,0.0,0.0,100.0,0.0,0.0,0.0,0.0,0.0,100.0,0.0,0.0,0.0,0.0,0.0,80.808,19.192,0.0,0.0,0.0,0.0,93.939,5.051,1.010,0.0,0.0,0.0,100.0,0.0,0.0,0.0,0.0,0.0,100.0,0.0,0.0,0.0,0.0,0.0,100.0,0.0,0.0,0.0,0.0,0.0,0.0,49152.0,60.0,42.0,0.0,0.0,8150.0,2061.0
100.0,0.0,0.0,0.0,0.0,0.0,99.0,0.0,0.0,0.0,1.0,0.0,99.0,0.0,0.0,0.0,1.0,0.0,100.0,0.0,0.0,0.0,0.0,0.0,64.646,33.333,2.020,0.0,0.0,0.0,99.0,0.0,0.0,0.0,1.0,0.0,99.010,0.0,0.0,0.0,0.990,0.0,100.0,0.0,0.0,0.0,0.0,0.0,0.0,0.0,0.0,0.0,0.0,0.0,8112.0,1995.0
91.089,7.921,0.0,0.0,0.990,0.0,100.0,0.0,0.0,0.0,0.0,0.0,99.0,1.0,0.0,0.0,0.0,0.0,99.0,0.0,0.0,0.0,1.0,0.0,78.431,19.608,0.0,0.0,0.980,0.980,100.0,0.0,0.0,0.0,0.0,0.0,98.0,2.0,0.0,0.0,0.0,0.0,100.0,0.0,0.0,0.0,0.0,0.0,0.0,0.0,0.0,0.0,0.0,0.0,8101.0,1969.0
64.356,3.960,30.693,0.0,0.0,0.990,69.0,0.0,31.0,0.0,0.0,0.0,88.0,1.0,11.0,0.0,0.0,0.0,95.0,2.0,3.0,0.0,0.0,0.0,87.0,4.0,9.0,0.0,0.0,0.0,61.616,1.010,37.374,0.0,0.0,0.0,60.606,21.212,18.182,0.0,0.0,0.0,81.818,2.020,15.152,0.0,1.010,0.0,0.0,0.0,220.0,233.0,0.0,0.0,7092.0,1803.0
92.0,0.0,8.0,0.0,0.0,0.0,91.0,0.0,8.0,0.0,0.0,1.0,0.990,13.861,84.158,0.0,0.0,0.990,7.0,1.0,92.0,0.0,0.0,0.0,93.939,0.0,6.061,0.0,0.0,0.0,4.0,16.0,80.0,0.0,0.0,0.0,1.0,6.0,93.0,0.0,0.0,0.0,90.099,0.0,9.901,0.0,0.0,0.0,0.0,0.0,0.0,0.0,0.0,0.0,5059.0,1401.0
89.899,0.0,10.101,0.0,0.0,0.0,99.0,0.0,0.0,0.0,1.0,0.0,13.131,11.111,75.758,0.0,0.0,0.0,0.0,0.0,100.0,0.0,0.0,0.0,99.010,0.0,0.0,0.0,0.990,0.0,1.010,21.212,77.778,0.0,0.0,0.0,0.0,1.0,99.0,0.0,0.0,0.0,100.0,0.0,0.0,0.0,0.0,0.0,0.0,98304.0,74.0,54.0,0.0,0.0,5248.0,1330.0
12.0,9.0,78.0,0.0,1.0,0.0,100.0,0.0,0.0,0.0,0.0,0.0,89.109,0.0,9.901,0.0,0.990,0.0,0.0,0.0,99.010,0.0,0.0,0.990,100.0,0.0,0.0,0.0,0.0,0.0,0.0,0.0,100.0,0.0,0.0,0.0,1.980,17.822,80.198,0.0,0.0,0.0,100.0,0.0,0.0,0.0,0.0,0.0,0.0,0.0,0.0,0.0,0.0,0.0,5233.0,1201.0
1.010,1.010,97.980,0.0,0.0,0.0,98.020,0.990,0.990,0.0,0.0,0.0,100.0,0.0,0.0,0.0,0.0,0.0,2.041,29.592,68.367,0.0,0.0,0.0,100.0,0.0,0.0,0.0,0.0,0.0,0.0,0.0,100.0,0.0,0.0,0.0,0.0,0.0,100.0,0.0,0.0,0.0,99.010,0.0,0.0,0.0,0.990,0.0,0.0,0.0,0.0,0.0,0.0,0.0,5096.0,1237.0
20.792,0.0,78.218,0.0,0.0,0.990,79.0,19.0,1.0,0.0,1.0,0.0,100.0,0.0,0.0,0.0,0.0,0.0,1.980,5.941,92.079,0.0,0.0,0.0,100.0,0.0,0.0,0.0,0.0,0.0,0.990,4.950,94.059,0.0,0.0,0.0,0.0,0.0,100.0,0.0,0.0,0.0,99.010,0.0,0.0,0.0,0.0,0.990,0.0,0.0,0.0,0.0,0.0,0.0,5077.0,1215.0
0.0,1.0,99.0,0.0,0.0,0.0,100.0,0.0,0.0,0.0,0.0,0.0,99.0,0.0,0.0,0.0,1.0,0.0,1.010,18.182,80.808,0.0,0.0,0.0,98.020,0.990,0.0,0.0,0.990,0.0,1.010,7.071,91.919,0.0,0.0,0.0,1.010,4.040,94.949,0.0,0.0,0.0,100.0,0.0,0.0,0.0,0.0,0.0,0.0,45056.0,0.0,0.0,0.0,0.0,5114.0,1263.0
1.010,25.253,73.737,0.0,0.0,0.0,100.0,0.0,0.0,0.0,0.0,0.0,99.010,0.990,0.0,0.0,0.0,0.0,0.0,0.0,100.0,0.0,0.0,0.0,100.0,0.0,0.0,0.0,0.0,0.0,0.990,2.970,96.040,0.0,0.0,0.0,2.0,6.0,92.0,0.0,0.0,0.0,100.0,0.0,0.0,0.0,0.0,0.0,0.0,53248.0,0.0,0.0,0.0,0.0,5300.0,1367.0
1.961,6.863,90.196,0.0,0.0,0.980,100.0,0.0,0.0,0.0,0.0,0.0,100.0,0.0,0.0,0.0,0.0,0.0,0.0,0.0,100.0,0.0,0.0,0.0,100.0,0.0,0.0,0.0,0.0,0.0,2.0,21.0,77.0,0.0,0.0,0.0,0.0,4.0,96.0,0.0,0.0,0.0,68.0,1.0,31.0,0.0,0.0,0.0,0.0,0.0,0.0,0.0,0.0,0.0,4893.0,1202.0
0.0,0.0,100.0,0.0,0.0,0.0,20.0,0.0,80.0,0.0,0.0,0.0,36.0,0.0,64.0,0.0,0.0,0.0,1.980,0.0,98.020,0.0,0.0,0.0,25.0,0.0,75.0,0.0,0.0,0.0,0.0,1.0,99.0,0.0,0.0,0.0,0.990,18.812,80.198,0.0,0.0,0.0,54.0,1.0,44.0,0.0,1.0,0.0,0.0,0.0,0.0,0.0,0.0,0.0,2383.0,579.0
0.0,0.0,98.990,0.0,0.0,1.010,0.0,0.0,100.0,0.0,0.0,0.0,0.0,0.0,100.0,0.0,0.0,0.0,1.0,0.0,99.0,0.0,0.0,0.0,37.0,18.0,44.0,0.0,1.0,0.0,0.0,0.0,100.0,0.0,0.0,0.0,0.0,0.0,100.0,0.0,0.0,0.0,59.0,1.0,40.0,0.0,0.0,0.0,0.0,0.0,0.0,0.0,0.0,0.0,1942.0,339.0
62.0,2.0,35.0,0.0,0.0,1.0,58.416,6.931,33.663,0.0,0.990,0.0,48.0,15.0,36.0,0.0,1.0,0.0,54.0,13.0,32.0,0.0,1.0,0.0,69.0,5.0,26.0,0.0,0.0,0.0,62.376,2.970,32.673,0.0,0.990,0.990,63.0,18.0,18.0,0.0,1.0,0.0,61.616,4.040,34.343,0.0,0.0,0.0,0.0,8192.0,0.0,0.0,0.0,0.0,6869.0,2996.0
99.0,0.0,0.0,0.0,1.0,0.0,100.0,0.0,0.0,0.0,0.0,0.0,100.0,0.0,0.0,0.0,0.0,0.0,83.0,16.0,1.0,0.0,0.0,0.0,76.0,22.0,1.0,0.0,0.0,1.0,100.0,0.0,0.0,0.0,0.0,0.0,99.0,1.0,0.0,0.0,0.0,0.0,100.0,0.0,0.0,0.0,0.0,0.0,0.0,98304.0,74.0,54.0,0.0,0.0,8197.0,2253.0
76.0,24.0,0.0,0.0,0.0,0.0,100.0,0.0,0.0,0.0,0.0,0.0,99.010,0.0,0.0,0.0,0.0,0.990,100.0,0.0,0.0,0.0,0.0,0.0,100.0,0.0,0.0,0.0,0.0,0.0,100.0,0.0,0.0,0.0,0.0,0.0,97.0,2.0,0.0,0.0,0.0,1.0,81.373,15.686,1.961,0.0,0.980,0.0,0.0,0.0,60.0,0.0,0.0,0.0,8143.0,2172.0
100.0,0.0,0.0,0.0,0.0,0.0,98.039,0.0,0.0,0.0,0.980,0.980,100.0,0.0,0.0,0.0,0.0,0.0,99.010,0.0,0.0,0.0,0.990,0.0,99.0,0.0,0.0,0.0,1.0,0.0,100.0,0.0,0.0,0.0,0.0,0.0,99.0,0.0,0.0,0.0,1.0,0.0,61.616,37.374,1.010,0.0,0.0,0.0,0.0,0.0,0.0,54.0,0.0,0.0,8146.0,2174.0
100.0,0.0,0.0,0.0,0.0,0.0,100.0,0.0,0.0,0.0,0.0,0.0,99.010,0.0,0.0,0.0,0.990,0.0,86.139,12.871,0.0,0.0,0.0,0.990,100.0,0.0,0.0,0.0,0.0,0.0,99.0,0.0,0.0,0.0,1.0,0.0,100.0,0.0,0.0,0.0,0.0,0.0,74.0,25.0,1.0,0.0,0.0,0.0,0.0,0.0,0.0,0.0,0.0,0.0,8141.0,2166.0
99.010,0.0,0.0,0.0,0.990,0.0,100.0,0.0,0.0,0.0,0.0,0.0,100.0,0.0,0.0,0.0,0.0,0.0,75.758,24.242,0.0,0.0,0.0,0.0,100.0,0.0,0.0,0.0,0.0,0.0,100.0,0.0,0.0,0.0,0.0,0.0,83.838,14.141,2.020,0.0,0.0,0.0,98.039,0.0,0.0,0.0,0.980,0.980,0.0,8192.0,0.0,0.0,0.0,0.0,8154.0,2189.0
100.0,0.0,0.0,0.0,0.0,0.0,98.0,1.0,0.0,0.0,1.0,0.0,83.0,7.0,10.0,0.0,0.0,0.0,78.0,4.0,18.0,0.0,0.0,0.0,93.0,0.0,6.0,0.0,1.0,0.0,98.020,0.990,0.990,0.0,0.0,0.0,64.0,29.0,6.0,0.0,1.0,0.0,76.531,12.245,11.224,0.0,0.0,0.0,0.0,61440.0,0.0,0.0,0.0,0.0,7902.0,2253.0
75.248,0.990,22.772,0.0,0.0,0.990,86.0,5.0,9.0,0.0,0.0,0.0,60.396,22.772,15.842,0.0,0.990,0.0,65.0,0.0,34.0,0.0,1.0,0.0,56.0,10.0,34.0,0.0,0.0,0.0,72.0,3.0,24.0,0.0,1.0,0.0,80.0,18.0,2.0,0.0,0.0,0.0,65.0,0.0,35.0,0.0,0.0,0.0,0.0,0.0,0.0,0.0,0.0,0.0,6810.0,2128.0
100.0,0.0,0.0,0.0,0.0,0.0,100.0,0.0,0.0,0.0,0.0,0.0,100.0,0.0,0.0,0.0,0.0,0.0,100.0,0.0,0.0,0.0,0.0,0.0,100.0,0.0,0.0,0.0,0.0,0.0,100.0,0.0,0.0,0.0,0.0,0.0,65.0,35.0,0.0,0.0,0.0,0.0,99.010,0.990,0.0,0.0,0.0,0.0,0.0,0.0,0.0,0.0,0.0,0.0,8120.0,2115.0
99.010,0.0,0.0,0.0,0.990,0.0,83.0,17.0,0.0,0.0,0.0,0.0,100.0,0.0,0.0,0.0,0.0,0.0,100.0,0.0,0.0,0.0,0.0,0.0,99.0,0.0,0.0,0.0,0.0,1.0,99.0,0.0,0.0,0.0,0.0,1.0,76.0,23.0,0.0,0.0,1.0,0.0,99.0,0.0,0.0,0.0,1.0,0.0,0.0,0.0,0.0,0.0,0.0,0.0,8172.0,2198.0
100.0,0.0,0.0,0.0,0.0,0.0,98.020,0.990,0.0,0.0,0.990,0.0,99.0,0.0,0.0,0.0,0.0,1.0,100.0,0.0,0.0,0.0,0.0,0.0,76.0,23.0,0.0,0.0,1.0,0.0,100.0,0.0,0.0,0.0,0.0,0.0,95.0,4.0,0.0,0.0,0.0,1.0,91.919,8.081,0.0,0.0,0.0,0.0,0.0,0.0,0.0,0.0,0.0,0.0,8147.0,2180.0
100.0,0.0,0.0,0.0,0.0,0.0,99.0,0.0,0.0,0.0,0.0,1.0,99.010,0.0,0.0,0.0,0.990,0.0,98.0,0.0,1.0,0.0,1.0,0.0,94.0,4.0,2.0,0.0,0.0,0.0,99.010,0.0,0.0,0.0,0.990,0.0,97.0,3.0,0.0,0.0,0.0,0.0,70.0,29.0,1.0,0.0,0.0,0.0,0.0,98304.0,74.0,54.0,0.0,0.0,8194.0,2266.0
94.0,4.0,1.0,0.0,1.0,0.0,82.828,17.172,0.0,0.0,0.0,0.0,97.980,1.010,1.010,0.0,0.0,0.0,93.069,5.941,0.0,0.0,0.0,0.990,92.0,8.0,0.0,0.0,0.0,0.0,100.0,0.0,0.0,0.0,0.0,0.0,99.0,1.0,0.0,0.0,0.0,0.0,99.010,0.0,0.0,0.0,0.990,0.0,0.0,0.0,0.0,0.0,0.0,0.0,8143.0,2175.0
73.0,5.0,21.0,0.0,0.0,1.0,99.010,0.0,0.0,0.0,0.990,0.0,100.0,0.0,0.0,0.0,0.0,0.0,100.0,0.0,0.0,0.0,0.0,0.0,89.0,11.0,0.0,0.0,0.0,0.0,88.0,1.0,11.0,0.0,0.0,0.0,74.257,22.772,1.980,0.0,0.990,0.0,82.0,0.0,17.0,0.0,0.0,1.0,0.0,0.0,0.0,0.0,0.0,0.0,7952.0,2158.0
82.0,2.0,16.0,0.0,0.0,0.0,79.0,0.0,21.0,0.0,0.0,0.0,4.950,8.911,86.139,0.0,0.0,0.0,23.762,0.990,75.248,0.0,0.0,0.0,40.594,3.960,54.455,0.0,0.990,0.0,7.0,24.0,69.0,0.0,0.0,0.0,49.495,1.010,49.495,0.0,0.0,0.0,3.030,1.010,95.960,0.0,0.0,0.0,0.0,0.0,0.0,0.0,0.0,0.0,4503.0,1465.0
100.0,0.0,0.0,0.0,0.0,0.0,100.0,0.0,0.0,0.0,0.0,0.0,1.010,8.081,89.899,0.0,0.0,1.010,2.0,7.0,91.0,0.0,0.0,0.0,100.0,0.0,0.0,0.0,0.0,0.0,1.0,20.0,79.0,0.0,0.0,0.0,100.0,0.0,0.0,0.0,0.0,0.0,0.0,0.0,100.0,0.0,0.0,0.0,0.0,8192.0,0.0,0.0,0.0,0.0,5350.0,1344.0
99.010,0.0,0.0,0.0,0.990,0.0,100.0,0.0,0.0,0.0,0.0,0.0,1.980,1.980,95.050,0.990,0.0,0.0,1.980,9.901,87.129,0.0,0.990,0.0,100.0,0.0,0.0,0.0,0.0,0.0,1.980,21.782,76.238,0.0,0.0,0.0,100.0,0.0,0.0,0.0,0.0,0.0,0.990,3.960,95.050,0.0,0.0,0.0,0.0,90112.0,60.0,42.0,0.0,0.0,5372.0,1516.0
100.0,0.0,0.0,0.0,0.0,0.0,99.0,0.0,0.0,0.0,1.0,0.0,1.0,22.0,77.0,0.0,0.0,0.0,2.020,11.111,86.869,0.0,0.0,0.0,100.0,0.0,0.0,0.0,0.0,0.0,0.0,0.0,100.0,0.0,0.0,0.0,99.010,0.0,0.0,0.0,0.990,0.0,1.010,4.040,94.949,0.0,0.0,0.0,0.0,0.0,0.0,0.0,0.0,0.0,5281.0,1425.0
100.0,0.0,0.0,0.0,0.0,0.0,100.0,0.0,0.0,0.0,0.0,0.0,3.0,30.0,66.0,0.0,1.0,0.0,0.990,3.960,95.050,0.0,0.0,0.0,99.0,0.0,0.0,0.0,1.0,0.0,0.0,0.0,100.0,0.0,0.0,0.0,100.0,0.0,0.0,0.0,0.0,0.0,0.0,0.0,100.0,0.0,0.0,0.0,0.0,0.0,0.0,0.0,0.0,0.0,5264.0,1381.0
52.0,1.0,46.0,0.0,1.0,0.0,43.564,1.980,54.455,0.0,0.0,0.0,0.990,0.0,98.020,0.0,0.0,0.990,0.0,0.0,100.0,0.0,0.0,0.0,11.881,3.960,84.158,0.0,0.0,0.0,3.0,20.0,76.0,0.0,1.0,0.0,51.515,3.030,45.455,0.0,0.0,0.0,0.0,0.0,100.0,0.0,0.0,0.0,0.0,0.0,0.0,0.0,0.0,0.0,2808.0,764.0
65.347,3.960,29.703,0.0,0.0,0.990,52.0,27.0,19.0,0.0,1.0,1.0,61.0,5.0,34.0,0.0,0.0,0.0,58.0,3.0,39.0,0.0,0.0,0.0,59.184,5.102,35.714,0.0,0.0,0.0,47.0,13.0,40.0,0.0,0.0,0.0,60.0,4.0,36.0,0.0,0.0,0.0,57.0,8.0,35.0,0.0,0.0,0.0,0.0,94208.0,0.0,0.0,0.0,0.0,6645.0,2796.0
86.0,14.0,0.0,0.0,0.0,0.0,78.0,22.0,0.0,0.0,0.0,0.0,100.0,0.0,0.0,0.0,0.0,0.0,100.0,0.0,0.0,0.0,0.0,0.0,99.0,0.0,0.0,0.0,0.0,1.0,100.0,0.0,0.0,0.0,0.0,0.0,99.0,0.0,0.0,0.0,1.0,0.0,100.0,0.0,0.0,0.0,0.0,0.0,0.0,102400.0,74.0,54.0,0.0,0.0,8187.0,2171.0
77.778,22.222,0.0,0.0,0.0,0.0,100.0,0.0,0.0,0.0,0.0,0.0,100.0,0.0,0.0,0.0,0.0,0.0,100.0,0.0,0.0,0.0,0.0,0.0,85.0,13.0,2.0,0.0,0.0,0.0,99.010,0.0,0.0,0.0,0.0,0.990,99.010,0.0,0.0,0.0,0.0,0.990,99.010,0.0,0.0,0.0,0.990,0.0,0.0,0.0,0.0,0.0,0.0,0.0,8128.0,2046.0
94.059,4.950,0.0,0.0,0.990,0.0,86.869,13.131,0.0,0.0,0.0,0.0,99.010,0.0,0.0,0.0,0.990,0.0,98.039,0.0,0.0,0.0,0.980,0.980,76.238,22.772,0.0,0.0,0.990,0.0,99.0,0.0,0.0,0.0,1.0,0.0,100.0,0.0,0.0,0.0,0.0,0.0,100.0,0.0,0.0,0.0,0.0,0.0,0.0,0.0,0.0,0.0,0.0,0.0,8132.0,2067.0
83.838,15.152,1.010,0.0,0.0,0.0,77.0,22.0,0.0,0.0,1.0,0.0,100.0,0.0,0.0,0.0,0.0,0.0,100.0,0.0,0.0,0.0,0.0,0.0,100.0,0.0,0.0,0.0,0.0,0.0,100.0,0.0,0.0,0.0,0.0,0.0,99.010,0.0,0.0,0.0,0.990,0.0,100.0,0.0,0.0,0.0,0.0,0.0,0.0,0.0,0.0,0.0,0.0,0.0,8127.0,2040.0
79.0,21.0,0.0,0.0,0.0,0.0,100.0,0.0,0.0,0.0,0.0,0.0,99.0,0.0,1.0,0.0,0.0,0.0,100.0,0.0,0.0,0.0,0.0,0.0,99.0,1.0,0.0,0.0,0.0,0.0,90.909,7.071,2.020,0.0,0.0,0.0,92.857,6.122,1.020,0.0,0.0,0.0,98.020,0.990,0.0,0.0,0.990,0.0,0.0,0.0,0.0,0.0,0.0,0.0,8131.0,2106.0
99.010,0.0,0.0,0.0,0.990,0.0,75.0,25.0,0.0,0.0,0.0,0.0,94.059,4.950,0.0,0.0,0.990,0.0,100.0,0.0,0.0,0.0,0.0,0.0,93.069,5.941,0.0,0.0,0.990,0.0,100.0,0.0,0.0,0.0,0.0,0.0,100.0,0.0,0.0,0.0,0.0,0.0,100.0,0.0,0.0,0.0,0.0,0.0,0.0,45056.0,0.0,0.0,0.0,0.0,8175.0,2154.0
99.0,0.0,0.0,0.0,0.0,1.0,99.0,0.0,0.0,0.0,1.0,0.0,100.0,0.0,0.0,0.0,0.0,0.0,99.0,0.0,0.0,0.0,1.0,0.0,82.828,17.172,0.0,0.0,0.0,0.0,79.208,19.802,0.0,0.0,0.990,0.0,100.0,0.0,0.0,0.0,0.0,0.0,100.0,0.0,0.0,0.0,0.0,0.0,0.0,0.0,0.0,0.0,0.0,0.0,8126.0,2062.0
100.0,0.0,0.0,0.0,0.0,0.0,93.939,6.061,0.0,0.0,0.0,0.0,99.010,0.0,0.0,0.0,0.0,0.990,100.0,0.0,0.0,0.0,0.0,0.0,68.687,30.303,1.010,0.0,0.0,0.0,95.0,3.0,2.0,0.0,0.0,0.0,99.0,0.0,0.0,0.0,1.0,0.0,98.020,0.0,0.0,0.0,0.990,0.990,0.0,0.0,0.0,0.0,0.0,0.0,8131.0,2064.0
68.687,0.0,31.313,0.0,0.0,0.0,59.406,2.970,36.634,0.0,0.0,0.990,98.990,1.010,0.0,0.0,0.0,0.0,90.0,9.0,1.0,0.0,0.0,0.0,24.0,35.0,40.0,0.0,0.0,1.0,57.576,5.051,37.374,0.0,0.0,0.0,88.119,4.950,6.931,0.0,0.0,0.0,32.0,8.0,60.0,0.0,0.0,0.0,0.0,0.0,0.0,0.0,0.0,0.0,6619.0,1684.0
84.0,0.0,15.0,0.0,1.0,0.0,90.099,2.970,6.931,0.0,0.0,0.0,89.109,3.960,5.941,0.0,0.990,0.0,84.0,1.0,14.0,0.0,1.0,0.0,80.198,0.990,17.822,0.0,0.990,0.0,70.297,25.743,2.970,0.0,0.990,0.0,70.707,12.121,17.172,0.0,0.0,0.0,79.798,4.040,16.162,0.0,0.0,0.0,0.0,0.0,0.0,0.0,0.0,0.0,7431.0,2273.0
95.0,5.0,0.0,0.0,0.0,0.0,99.0,0.0,0.0,0.0,1.0,0.0,100.0,0.0,0.0,0.0,0.0,0.0,100.0,0.0,0.0,0.0,0.0,0.0,100.0,0.0,0.0,0.0,0.0,0.0,100.0,0.0,0.0,0.0,0.0,0.0,98.039,0.0,0.0,0.0,0.980,0.980,69.0,31.0,0.0,0.0,0.0,0.0,0.0,86016.0,74.0,54.0,0.0,0.0,8182.0,2174.0
69.0,31.0,0.0,0.0,0.0,0.0,98.0,2.0,0.0,0.0,0.0,0.0,96.970,3.030,0.0,0.0,0.0,0.0,100.0,0.0,0.0,0.0,0.0,0.0,100.0,0.0,0.0,0.0,0.0,0.0,99.0,0.0,0.0,0.0,0.0,1.0,96.970,3.030,0.0,0.0,0.0,0.0,98.020,0.990,0.0,0.0,0.990,0.0,0.0,0.0,0.0,0.0,0.0,0.0,8124.0,2055.0
100.0,0.0,0.0,0.0,0.0,0.0,77.0,23.0,0.0,0.0,0.0,0.0,99.0,0.0,0.0,0.0,1.0,0.0,99.010,0.0,0.0,0.0,0.0,0.990,86.0,14.0,0.0,0.0,0.0,0.0,100.0,0.0,0.0,0.0,0.0,0.0,100.0,0.0,0.0,0.0,0.0,0.0,100.0,0.0,0.0,0.0,0.0,0.0,0.0,0.0,0.0,0.0,0.0,0.0,8127.0,2074.0
98.020,0.0,0.0,0.0,0.990,0.990,89.899,10.101,0.0,0.0,0.0,0.0,100.0,0.0,0.0,0.0,0.0,0.0,99.010,0.0,0.0,0.0,0.990,0.0,97.0,2.0,0.0,0.0,1.0,0.0,99.0,0.0,0.0,0.0,1.0,0.0,93.0,7.0,0.0,0.0,0.0,0.0,81.633,18.367,0.0,0.0,0.0,0.0,0.0,0.0,0.0,0.0,0.0,0.0,8124.0,2049.0
100.0,0.0,0.0,0.0,0.0,0.0,77.228,21.782,0.0,0.0,0.990,0.0,93.0,6.0,1.0,0.0,0.0,0.0,91.919,7.071,1.010,0.0,0.0,0.0,100.0,0.0,0.0,0.0,0.0,0.0,99.010,0.990,0.0,0.0,0.0,0.0,97.0,2.0,0.0,0.0,1.0,0.0,100.0,0.0,0.0,0.0,0.0,0.0,0.0,12288.0,0.0,0.0,0.0,0.0,8130.0,2073.0
100.0,0.0,0.0,0.0,0.0,0.0,100.0,0.0,0.0,0.0,0.0,0.0,78.788,21.212,0.0,0.0,0.0,0.0,83.0,13.0,4.0,0.0,0.0,0.0,100.0,0.0,0.0,0.0,0.0,0.0,100.0,0.0,0.0,0.0,0.0,0.0,100.0,0.0,0.0,0.0,0.0,0.0,99.010,0.0,0.0,0.0,0.990,0.0,0.0,53248.0,0.0,0.0,0.0,0.0,8174.0,2147.0
93.0,7.0,0.0,0.0,0.0,0.0,100.0,0.0,0.0,0.0,0.0,0.0,98.039,0.0,0.0,0.0,0.980,0.980,76.238,22.772,0.0,0.0,0.990,0.0,99.0,0.0,0.0,0.0,1.0,0.0,99.010,0.0,0.0,0.0,0.990,0.0,100.0,0.0,0.0,0.0,0.0,0.0,90.0,8.0,1.0,0.0,0.0,1.0,0.0,0.0,0.0,0.0,0.0,0.0,8136.0,2091.0
76.238,22.772,0.0,0.0,0.990,0.0,90.0,8.0,0.0,0.0,1.0,1.0,95.0,0.0,5.0,0.0,0.0,0.0,88.889,3.030,8.081,0.0,0.0,0.0,99.010,0.0,0.0,0.0,0.0,0.990,99.0,0.0,1.0,0.0,0.0,0.0,100.0,0.0,0.0,0.0,0.0,0.0,100.0,0.0,0.0,0.0,0.0,0.0,0.0,0.0,0.0,0.0,0.0,0.0,8077.0,2059.0
31.633,6.122,62.245,0.0,0.0,0.0,33.0,1.0,66.0,0.0,0.0,0.0,36.364,14.141,49.495,0.0,0.0,0.0,57.0,1.0,42.0,0.0,0.0,0.0,14.141,0.0,85.859,0.0,0.0,0.0,89.899,0.0,10.101,0.0,0.0,0.0,86.0,3.0,10.0,0.0,1.0,0.0,3.0,9.0,88.0,0.0,0.0,0.0,0.0,0.0,0.0,0.0,0.0,0.0,4973.0,1495.0
2.0,8.0,89.0,0.0,0.0,1.0,0.0,0.0,100.0,0.0,0.0,0.0,100.0,0.0,0.0,0.0,0.0,0.0,100.0,0.0,0.0,0.0,0.0,0.0,1.0,20.0,79.0,0.0,0.0,0.0,99.010,0.0,0.0,0.0,0.990,0.0,100.0,0.0,0.0,0.0,0.0,0.0,1.980,6.931,91.089,0.0,0.0,0.0,0.0,4096.0,0.0,0.0,0.0,0.0,5301.0,1316.0
3.030,22.222,74.747,0.0,0.0,0.0,0.0,3.0,97.0,0.0,0.0,0.0,99.0,0.0,0.0,0.0,1.0,0.0,100.0,0.0,0.0,0.0,0.0,0.0,0.0,1.0,99.0,0.0,0.0,0.0,100.0,0.0,0.0,0.0,0.0,0.0,98.020,0.0,0.990,0.0,0.0,0.990,1.0,4.0,95.0,0.0,0.0,0.0,0.0,90112.0,74.0,54.0,0.0,0.0,5277.0,1398.0
1.0,20.0,79.0,0.0,0.0,0.0,3.0,14.0,83.0,0.0,0.0,0.0,100.0,0.0,0.0,0.0,0.0,0.0,99.010,0.0,0.0,0.0,0.990,0.0,0.0,0.0,100.0,0.0,0.0,0.0,100.0,0.0,0.0,0.0,0.0,0.0,99.0,0.0,0.0,0.0,1.0,0.0,0.0,2.020,97.980,0.0,0.0,0.0,0.0,0.0,0.0,0.0,0.0,0.0,5273.0,1315.0
1.980,18.812,78.218,0.0,0.0,0.990,1.010,2.020,96.970,0.0,0.0,0.0,100.0,0.0,0.0,0.0,0.0,0.0,100.0,0.0,0.0,0.0,0.0,0.0,0.0,1.0,99.0,0.0,0.0,0.0,99.010,0.0,0.0,0.0,0.0,0.990,100.0,0.0,0.0,0.0,0.0,0.0,2.0,11.0,87.0,0.0,0.0,0.0,0.0,0.0,0.0,0.0,0.0,0.0,5333.0,1358.0
2.0,22.0,76.0,0.0,0.0,0.0,0.0,0.0,100.0,0.0,0.0,0.0,99.0,0.0,0.0,0.0,1.0,0.0,100.0,0.0,0.0,0.0,0.0,0.0,0.0,0.0,100.0,0.0,0.0,0.0,99.0,0.0,0.0,0.0,1.0,0.0,100.0,0.0,0.0,0.0,0.0,0.0,2.970,11.881,85.149,0.0,0.0,0.0,0.0,0.0,0.0,0.0,0.0,0.0,5160.0,1290.0
1.0,26.0,73.0,0.0,0.0,0.0,0.0,0.0,100.0,0.0,0.0,0.0,100.0,0.0,0.0,0.0,0.0,0.0,100.0,0.0,0.0,0.0,0.0,0.0,1.0,0.0,99.0,0.0,0.0,0.0,100.0,0.0,0.0,0.0,0.0,0.0,100.0,0.0,0.0,0.0,0.0,0.0,2.020,6.061,91.919,0.0,0.0,0.0,0.0,45056.0,0.0,0.0,0.0,0.0,5087.0,1301.0
0.990,20.792,76.238,0.0,0.990,0.990,34.0,0.0,66.0,0.0,0.0,0.0,3.030,0.0,96.970,0.0,0.0,0.0,3.0,0.0,96.0,0.0,0.0,1.0,24.242,3.030,72.727,0.0,0.0,0.0,21.0,0.0,79.0,0.0,0.0,0.0,47.0,1.0,52.0,0.0,0.0,0.0,0.0,0.0,100.0,0.0,0.0,0.0,0.0,86016.0,60.0,42.0,0.0,0.0,2658.0,727.0
60.0,12.0,27.0,0.0,0.0,1.0,71.0,17.0,12.0,0.0,0.0,0.0,70.297,5.941,23.762,0.0,0.0,0.0,72.277,1.980,24.752,0.0,0.990,0.0,70.707,5.051,24.242,0.0,0.0,0.0,56.566,13.131,30.303,0.0,0.0,0.0,68.317,1.980,28.713,0.0,0.990,0.0,69.0,7.0,23.0,0.0,1.0,0.0,0.0,0.0,0.0,0.0,0.0,0.0,7226.0,2827.0
67.677,32.323,0.0,0.0,0.0,0.0,98.039,0.0,0.0,0.0,0.980,0.980,97.980,1.010,0.0,0.0,1.010,0.0,100.0,0.0,0.0,0.0,0.0,0.0,99.010,0.0,0.0,0.0,0.990,0.0,100.0,0.0,0.0,0.0,0.0,0.0,99.0,1.0,0.0,0.0,0.0,0.0,100.0,0.0,0.0,0.0,0.0,0.0,0.0,0.0,0.0,0.0,0.0,0.0,8097.0,1923.0
100.0,0.0,0.0,0.0,0.0,0.0,100.0,0.0,0.0,0.0,0.0,0.0,77.228,21.782,0.990,0.0,0.0,0.0,100.0,0.0,0.0,0.0,0.0,0.0,100.0,0.0,0.0,0.0,0.0,0.0,98.039,0.980,0.0,0.0,0.980,0.0,92.929,7.071,0.0,0.0,0.0,0.0,100.0,0.0,0.0,0.0,0.0,0.0,0.0,0.0,220.0,233.0,0.0,0.0,8102.0,1945.0
99.0,0.0,0.0,0.0,1.0,0.0,100.0,0.0,0.0,0.0,0.0,0.0,99.0,0.0,0.0,0.0,0.0,1.0,99.0,0.0,0.0,0.0,1.0,0.0,100.0,0.0,0.0,0.0,0.0,0.0,100.0,0.0,0.0,0.0,0.0,0.0,83.0,13.0,3.0,0.0,1.0,0.0,81.0,18.0,0.0,0.0,1.0,0.0,0.0,12288.0,0.0,0.0,0.0,0.0,8094.0,1922.0
100.0,0.0,0.0,0.0,0.0,0.0,100.0,0.0,0.0,0.0,0.0,0.0,94.059,3.960,0.990,0.0,0.990,0.0,100.0,0.0,0.0,0.0,0.0,0.0,87.129,11.881,0.0,0.0,0.990,0.0,83.838,16.162,0.0,0.0,0.0,0.0,100.0,0.0,0.0,0.0,0.0,0.0,100.0,0.0,0.0,0.0,0.0,0.0,0.0,102400.0,74.0,54.0,0.0,0.0,8146.0,2044.0
94.949,5.051,0.0,0.0,0.0,0.0,99.010,0.0,0.0,0.0,0.990,0.0,81.818,18.182,0.0,0.0,0.0,0.0,100.0,0.0,0.0,0.0,0.0,0.0,95.960,4.040,0.0,0.0,0.0,0.0,93.137,3.922,1.961,0.0,0.980,0.0,99.0,1.0,0.0,0.0,0.0,0.0,100.0,0.0,0.0,0.0,0.0,0.0,0.0,0.0,0.0,0.0,0.0,0.0,8102.0,1933.0
91.089,7.921,0.0,0.0,0.990,0.0,100.0,0.0,0.0,0.0,0.0,0.0,100.0,0.0,0.0,0.0,0.0,0.0,100.0,0.0,0.0,0.0,0.0,0.0,99.010,0.990,0.0,0.0,0.0,0.0,100.0,0.0,0.0,0.0,0.0,0.0,77.228,21.782,0.0,0.0,0.0,0.990,94.059,2.970,1.980,0.0,0.990,0.0,0.0,0.0,0.0,0.0,0.0,0.0,8107.0,1955.0
69.0,31.0,0.0,0.0,0.0,0.0,98.0,2.0,0.0,0.0,0.0,0.0,100.0,0.0,0.0,0.0,0.0,0.0,99.010,0.0,0.0,0.0,0.990,0.0,98.020,0.0,0.0,0.0,0.990,0.990,100.0,0.0,0.0,0.0,0.0,0.0,99.0,0.0,0.0,0.0,1.0,0.0,99.010,0.0,0.0,0.0,0.0,0.990,0.0,0.0,0.0,0.0,0.0,0.0,8095.0,1925.0
100.0,0.0,0.0,0.0,0.0,0.0,76.238,22.772,0.0,0.0,0.990,0.0,99.010,0.0,0.0,0.0,0.990,0.0,100.0,0.0,0.0,0.0,0.0,0.0,100.0,0.0,0.0,0.0,0.0,0.0,99.010,0.0,0.0,0.0,0.0,0.990,100.0,0.0,0.0,0.0,0.0,0.0,100.0,0.0,0.0,0.0,0.0,0.0,0.0,81920.0,0.0,0.0,0.0,0.0,8080.0,1892.0
100.0,0.0,0.0,0.0,0.0,0.0,99.0,1.0,0.0,0.0,0.0,0.0,100.0,0.0,0.0,0.0,0.0,0.0,100.0,0.0,0.0,0.0,0.0,0.0,100.0,0.0,0.0,0.0,0.0,0.0,99.0,0.0,0.0,0.0,1.0,0.0,100.0,0.0,0.0,0.0,0.0,0.0,70.0,29.0,1.0,0.0,0.0,0.0,0.0,45056.0,0.0,0.0,0.0,0.0,8135.0,2003.0
98.039,0.0,0.0,0.0,0.980,0.980,100.0,0.0,0.0,0.0,0.0,0.0,100.0,0.0,0.0,0.0,0.0,0.0,98.020,0.0,0.0,0.0,0.990,0.990,95.0,4.0,0.0,0.0,1.0,0.0,100.0,0.0,0.0,0.0,0.0,0.0,90.099,8.911,0.0,0.0,0.990,0.0,79.208,19.802,0.0,0.0,0.990,0.0,0.0,0.0,0.0,0.0,0.0,0.0,8107.0,1968.0
100.0,0.0,0.0,0.0,0.0,0.0,98.039,0.0,0.0,0.0,0.980,0.980,99.010,0.0,0.0,0.0,0.990,0.0,100.0,0.0,0.0,0.0,0.0,0.0,70.0,30.0,0.0,0.0,0.0,0.0,100.0,0.0,0.0,0.0,0.0,0.0,100.0,0.0,0.0,0.0,0.0,0.0,100.0,0.0,0.0,0.0,0.0,0.0,0.0,0.0,0.0,0.0,0.0,0.0,8083.0,1913.0
100.0,0.0,0.0,0.0,0.0,0.0,100.0,0.0,0.0,0.0,0.0,0.0,100.0,0.0,0.0,0.0,0.0,0.0,100.0,0.0,0.0,0.0,0.0,0.0,82.0,17.0,1.0,0.0,0.0,0.0,93.069,5.941,0.0,0.0,0.990,0.0,95.960,3.030,1.010,0.0,0.0,0.0,98.990,1.010,0.0,0.0,0.0,0.0,0.0,0.0,0.0,0.0,0.0,0.0,8097.0,1903.0
99.0,0.0,0.0,0.0,1.0,0.0,93.939,6.061,0.0,0.0,0.0,0.0,99.010,0.0,0.0,0.0,0.0,0.990,100.0,0.0,0.0,0.0,0.0,0.0,97.0,2.0,0.0,0.0,1.0,0.0,100.0,0.0,0.0,0.0,0.0,0.0,100.0,0.0,0.0,0.0,0.0,0.0,76.238,22.772,0.0,0.0,0.990,0.0,0.0,0.0,0.0,0.0,0.0,0.0,8079.0,1910.0
96.0,1.0,3.0,0.0,0.0,0.0,99.010,0.0,0.990,0.0,0.0,0.0,39.0,7.0,54.0,0.0,0.0,0.0,7.921,26.733,64.356,0.0,0.990,0.0,93.0,1.0,6.0,0.0,0.0,0.0,67.0,3.0,30.0,0.0,0.0,0.0,88.119,1.980,8.911,0.0,0.990,0.0,81.0,2.0,17.0,0.0,0.0,0.0,0.0,86016.0,0.0,0.0,0.0,0.0,6940.0,1773.0
72.0,18.0,10.0,0.0,0.0,0.0,73.0,5.0,21.0,0.0,1.0,0.0,60.396,5.941,32.673,0.0,0.990,0.0,70.0,0.0,30.0,0.0,0.0,0.0,91.0,2.0,7.0,0.0,0.0,0.0,67.0,3.0,30.0,0.0,0.0,0.0,79.798,7.071,13.131,0.0,0.0,0.0,70.707,0.0,29.293,0.0,0.0,0.0,0.0,0.0,74.0,54.0,0.0,0.0,6711.0,2000.0
99.0,0.0,0.0,0.0,1.0,0.0,100.0,0.0,0.0,0.0,0.0,0.0,100.0,0.0,0.0,0.0,0.0,0.0,100.0,0.0,0.0,0.0,0.0,0.0,95.050,3.960,0.0,0.0,0.990,0.0,68.687,30.303,0.0,0.0,1.010,0.0,100.0,0.0,0.0,0.0,0.0,0.0,100.0,0.0,0.0,0.0,0.0,0.0,0.0,0.0,0.0,0.0,0.0,0.0,8101.0,1924.0
100.0,0.0,0.0,0.0,0.0,0.0,100.0,0.0,0.0,0.0,0.0,0.0,100.0,0.0,0.0,0.0,0.0,0.0,100.0,0.0,0.0,0.0,0.0,0.0,99.0,0.0,0.0,0.0,0.0,1.0,66.0,33.0,1.0,0.0,0.0,0.0,98.020,0.0,0.0,0.0,0.990,0.990,99.0,0.0,0.0,0.0,1.0,0.0,0.0,0.0,0.0,0.0,0.0,0.0,8084.0,1910.0
100.0,0.0,0.0,0.0,0.0,0.0,99.010,0.0,0.0,0.0,0.990,0.0,100.0,0.0,0.0,0.0,0.0,0.0,99.0,0.0,0.0,0.0,1.0,0.0,100.0,0.0,0.0,0.0,0.0,0.0,67.327,29.703,1.980,0.0,0.0,0.990,100.0,0.0,0.0,0.0,0.0,0.0,99.010,0.0,0.0,0.0,0.0,0.990,0.0,49152.0,0.0,0.0,0.0,0.0,8103.0,1948.0
99.010,0.0,0.0,0.0,0.990,0.0,100.0,0.0,0.0,0.0,0.0,0.0,99.010,0.0,0.0,0.0,0.990,0.0,100.0,0.0,0.0,0.0,0.0,0.0,99.0,0.0,0.0,0.0,1.0,0.0,66.337,32.673,0.0,0.0,0.990,0.0,100.0,0.0,0.0,0.0,0.0,0.0,100.0,0.0,0.0,0.0,0.0,0.0,0.0,94208.0,0.0,0.0,0.0,0.0,8148.0,2018.0
99.010,0.0,0.0,0.0,0.0,0.990,99.010,0.0,0.0,0.0,0.0,0.990,100.0,0.0,0.0,0.0,0.0,0.0,99.0,0.0,0.0,0.0,0.0,1.0,100.0,0.0,0.0,0.0,0.0,0.0,100.0,0.0,0.0,0.0,0.0,0.0,89.109,9.901,0.0,0.0,0.990,0.0,78.0,22.0,0.0,0.0,0.0,0.0,0.0,0.0,0.0,0.0,0.0,0.0,8099.0,1931.0
88.889,11.111,0.0,0.0,0.0,0.0,100.0,0.0,0.0,0.0,0.0,0.0,100.0,0.0,0.0,0.0,0.0,0.0,99.010,0.0,0.0,0.0,0.990,0.0,100.0,0.0,0.0,0.0,0.0,0.0,100.0,0.0,0.0,0.0,0.0,0.0,79.0,21.0,0.0,0.0,0.0,0.0,99.0,0.0,0.0,0.0,1.0,0.0,0.0,0.0,0.0,0.0,0.0,0.0,8089.0,1924.0
68.317,30.693,0.0,0.0,0.990,0.0,99.010,0.0,0.0,0.0,0.990,0.0,98.020,0.0,0.0,0.0,0.990,0.990,100.0,0.0,0.0,0.0,0.0,0.0,99.010,0.0,0.0,0.0,0.990,0.0,99.010,0.0,0.0,0.0,0.990,0.0,100.0,0.0,0.0,0.0,0.0,0.0,100.0,0.0,0.0,0.0,0.0,0.0,0.0,0.0,0.0,0.0,0.0,0.0,8105.0,1940.0
80.612,19.388,0.0,0.0,0.0,0.0,100.0,0.0,0.0,0.0,0.0,0.0,89.0,9.0,2.0,0.0,0.0,0.0,100.0,0.0,0.0,0.0,0.0,0.0,100.0,0.0,0.0,0.0,0.0,0.0,100.0,0.0,0.0,0.0,0.0,0.0,98.0,2.0,0.0,0.0,0.0,0.0,100.0,0.0,0.0,0.0,0.0,0.0,0.0,8192.0,0.0,0.0,0.0,0.0,8091.0,1941.0
100.0,0.0,0.0,0.0,0.0,0.0,100.0,0.0,0.0,0.0,0.0,0.0,69.388,30.612,0.0,0.0,0.0,0.0,100.0,0.0,0.0,0.0,0.0,0.0,100.0,0.0,0.0,0.0,0.0,0.0,98.990,1.010,0.0,0.0,0.0,0.0,99.010,0.0,0.0,0.0,0.990,0.0,99.010,0.0,0.0,0.0,0.990,0.0,0.0,40960.0,0.0,0.0,0.0,0.0,8137.0,2008.0
78.218,20.792,0.0,0.0,0.990,0.0,99.010,0.0,0.0,0.0,0.990,0.0,91.176,5.882,1.961,0.0,0.980,0.0,99.0,0.0,0.0,0.0,1.0,0.0,96.0,4.0,0.0,0.0,0.0,0.0,100.0,0.0,0.0,0.0,0.0,0.0,100.0,0.0,0.0,0.0,0.0,0.0,100.0,0.0,0.0,0.0,0.0,0.0,0.0,0.0,74.0,54.0,0.0,0.0,8101.0,1943.0
80.808,19.192,0.0,0.0,0.0,0.0,88.0,12.0,0.0,0.0,0.0,0.0,100.0,0.0,0.0,0.0,0.0,0.0,99.010,0.990,0.0,0.0,0.0,0.0,99.010,0.0,0.0,0.0,0.990,0.0,99.010,0.0,0.0,0.0,0.990,0.0,100.0,0.0,0.0,0.0,0.0,0.0,100.0,0.0,0.0,0.0,0.0,0.0,0.0,0.0,0.0,0.0,0.0,0.0,8103.0,1946.0
100.0,0.0,0.0,0.0,0.0,0.0,71.0,29.0,0.0,0.0,0.0,0.0,100.0,0.0,0.0,0.0,0.0,0.0,100.0,0.0,0.0,0.0,0.0,0.0,100.0,0.0,0.0,0.0,0.0,0.0,100.0,0.0,0.0,0.0,0.0,0.0,98.020,0.0,0.0,0.0,0.990,0.990,99.010,0.0,0.0,0.0,0.990,0.0,0.0,0.0,0.0,0.0,0.0,0.0,8085.0,1898.0
99.0,0.0,0.0,0.0,1.0,0.0,75.0,24.0,0.0,0.0,1.0,0.0,100.0,0.0,0.0,0.0,0.0,0.0,90.0,5.0,4.0,0.0,1.0,0.0,99.010,0.0,0.0,0.0,0.0,0.990,98.990,0.0,1.010,0.0,0.0,0.0,100.0,0.0,0.0,0.0,0.0,0.0,96.040,0.990,1.980,0.0,0.0,0.990,0.0,8192.0,0.0,0.0,0.0,0.0,8089.0,1947.0
40.196,0.980,57.843,0.0,0.0,0.980,97.0,1.0,2.0,0.0,0.0,0.0,66.0,0.0,33.0,0.0,1.0,0.0,67.677,0.0,32.323,0.0,0.0,0.0,99.0,0.0,0.0,0.0,1.0,0.0,2.0,9.0,89.0,0.0,0.0,0.0,100.0,0.0,0.0,0.0,0.0,0.0,2.0,21.0,77.0,0.0,0.0,0.0,0.0,81920.0,0.0,0.0,0.0,0.0,5963.0,1471.0
82.0,0.0,18.0,0.0,0.0,0.0,58.0,3.0,38.0,0.0,0.0,1.0,1.0,0.0,99.0,0.0,0.0,0.0,1.0,18.0,81.0,0.0,0.0,0.0,54.0,0.0,46.0,0.0,0.0,0.0,2.0,4.0,94.0,0.0,0.0,0.0,74.0,1.0,25.0,0.0,0.0,0.0,1.0,5.0,94.0,0.0,0.0,0.0,0.0,0.0,60.0,42.0,0.0,0.0,3885.0,1176.0
100.0,0.0,0.0,0.0,0.0,0.0,100.0,0.0,0.0,0.0,0.0,0.0,0.0,5.0,94.0,0.0,0.0,1.0,2.970,24.752,72.277,0.0,0.0,0.0,100.0,0.0,0.0,0.0,0.0,0.0,0.0,0.0,100.0,0.0,0.0,0.0,99.010,0.0,0.0,0.0,0.990,0.0,1.010,1.010,97.980,0.0,0.0,0.0,0.0,0.0,0.0,0.0,0.0,0.0,5111.0,1166.0
99.010,0.0,0.0,0.0,0.990,0.0,99.0,0.0,0.0,0.0,1.0,0.0,2.020,9.091,88.889,0.0,0.0,0.0,1.0,20.0,79.0,0.0,0.0,0.0,100.0,0.0,0.0,0.0,0.0,0.0,0.0,0.0,100.0,0.0,0.0,0.0,100.0,0.0,0.0,0.0,0.0,0.0,1.980,2.970,95.050,0.0,0.0,0.0,0.0,0.0,0.0,0.0,0.0,0.0,5199.0,1197.0
85.714,2.041,12.245,0.0,0.0,0.0,100.0,0.0,0.0,0.0,0.0,0.0,16.832,7.921,75.248,0.0,0.0,0.0,0.0,0.0,99.0,0.0,0.0,1.0,21.0,0.0,79.0,0.0,0.0,0.0,95.050,0.0,2.970,0.0,0.990,0.990,82.0,0.0,18.0,0.0,0.0,0.0,0.0,18.0,82.0,0.0,0.0,0.0,0.0,0.0,0.0,0.0,0.0,0.0,5129.0,1196.0
4.0,21.0,75.0,0.0,0.0,0.0,100.0,0.0,0.0,0.0,0.0,0.0,100.0,0.0,0.0,0.0,0.0,0.0,0.0,1.0,99.0,0.0,0.0,0.0,0.0,5.0,95.0,0.0,0.0,0.0,100.0,0.0,0.0,0.0,0.0,0.0,100.0,0.0,0.0,0.0,0.0,0.0,0.0,0.0,100.0,0.0,0.0,0.0,0.0,73728.0,0.0,0.0,0.0,0.0,5173.0,1274.0
2.0,8.0,90.0,0.0,0.0,0.0,100.0,0.0,0.0,0.0,0.0,0.0,99.010,0.0,0.0,0.0,0.990,0.0,1.0,19.0,80.0,0.0,0.0,0.0,0.0,0.0,100.0,0.0,0.0,0.0,100.0,0.0,0.0,0.0,0.0,0.0,99.010,0.0,0.0,0.0,0.990,0.0,0.0,0.0,100.0,0.0,0.0,0.0,0.0,0.0,74.0,54.0,0.0,0.0,5101.0,1149.0
2.970,24.752,71.287,0.0,0.0,0.990,99.010,0.0,0.0,0.0,0.990,0.0,100.0,0.0,0.0,0.0,0.0,0.0,0.0,0.0,100.0,0.0,0.0,0.0,0.0,0.0,100.0,0.0,0.0,0.0,100.0,0.0,0.0,0.0,0.0,0.0,100.0,0.0,0.0,0.0,0.0,0.0,0.0,0.0,100.0,0.0,0.0,0.0,0.0,0.0,0.0,0.0,0.0,0.0,5024.0,1131.0
1.010,19.192,79.798,0.0,0.0,0.0,100.0,0.0,0.0,0.0,0.0,0.0,99.0,0.0,0.0,0.0,0.0,1.0,0.0,2.020,97.980,0.0,0.0,0.0,0.0,0.0,100.0,0.0,0.0,0.0,99.010,0.0,0.0,0.0,0.990,0.0,100.0,0.0,0.0,0.0,0.0,0.0,2.970,7.921,89.109,0.0,0.0,0.0,0.0,0.0,0.0,0.0,0.0,0.0,5088.0,1180.0
0.0,0.0,100.0,0.0,0.0,0.0,100.0,0.0,0.0,0.0,0.0,0.0,99.010,0.0,0.0,0.0,0.990,0.0,0.0,0.990,99.010,0.0,0.0,0.0,2.0,25.0,73.0,0.0,0.0,0.0,100.0,0.0,0.0,0.0,0.0,0.0,100.0,0.0,0.0,0.0,0.0,0.0,1.010,2.020,96.970,0.0,0.0,0.0,0.0,8192.0,0.0,0.0,0.0,0.0,5044.0,1175.0
0.0,0.990,98.020,0.0,0.0,0.990,99.010,0.0,0.0,0.0,0.990,0.0,100.0,0.0,0.0,0.0,0.0,0.0,1.010,19.192,79.798,0.0,0.0,0.0,2.020,9.091,88.889,0.0,0.0,0.0,100.0,0.0,0.0,0.0,0.0,0.0,100.0,0.0,0.0,0.0,0.0,0.0,0.0,0.990,99.010,0.0,0.0,0.0,0.0,53248.0,0.0,0.0,0.0,0.0,5112.0,1266.0
2.0,24.0,73.0,0.0,1.0,0.0,100.0,0.0,0.0,0.0,0.0,0.0,100.0,0.0,0.0,0.0,0.0,0.0,0.990,0.990,98.020,0.0,0.0,0.0,2.0,5.0,93.0,0.0,0.0,0.0,100.0,0.0,0.0,0.0,0.0,0.0,99.010,0.0,0.0,0.0,0.990,0.0,0.0,0.0,100.0,0.0,0.0,0.0,0.0,0.0,0.0,0.0,0.0,0.0,5139.0,1210.0
2.0,21.0,77.0,0.0,0.0,0.0,29.293,0.0,70.707,0.0,0.0,0.0,4.0,0.0,96.0,0.0,0.0,0.0,54.545,1.010,44.444,0.0,0.0,0.0,0.0,0.0,100.0,0.0,0.0,0.0,32.0,0.0,68.0,0.0,0.0,0.0,37.0,0.0,63.0,0.0,0.0,0.0,1.010,0.0,98.990,0.0,0.0,0.0,0.0,0.0,0.0,0.0,0.0,0.0,2612.0,649.0
0.0,0.0,98.0,0.0,0.0,2.0,0.0,0.0,100.0,0.0,0.0,0.0,0.0,0.0,100.0,0.0,0.0,0.0,59.406,1.980,37.624,0.0,0.990,0.0,35.644,2.970,60.396,0.0,0.990,0.0,0.0,0.0,100.0,0.0,0.0,0.0,0.0,0.0,100.0,0.0,0.0,0.0,1.0,16.0,83.0,0.0,0.0,0.0,0.0,0.0,0.0,0.0,0.0,0.0,1862.0,358.0
2.0,18.0,80.0,0.0,0.0,0.0,5.941,3.960,89.109,0.0,0.0,0.990,0.0,5.051,94.949,0.0,0.0,0.0,0.0,3.0,97.0,0.0,0.0,0.0,7.0,4.0,89.0,0.0,0.0,0.0,1.0,4.0,95.0,0.0,0.0,0.0,0.0,3.030,96.970,0.0,0.0,0.0,1.0,3.0,96.0,0.0,0.0,0.0,0.0,81920.0,0.0,0.0,0.0,0.0,2028.0,1121.0
0.0,0.0,100.0,0.0,0.0,0.0,0.0,0.0,100.0,0.0,0.0,0.0,0.0,0.0,100.0,0.0,0.0,0.0,0.0,0.0,100.0,0.0,0.0,0.0,1.010,16.162,82.828,0.0,0.0,0.0,0.0,0.0,100.0,0.0,0.0,0.0,0.0,0.0,100.0,0.0,0.0,0.0,0.0,0.0,100.0,0.0,0.0,0.0,0.0,98304.0,0.0,0.0,0.0,0.0,387.0,182.0
0.0,0.990,99.010,0.0,0.0,0.0,0.990,0.990,98.020,0.0,0.0,0.0,0.0,0.0,100.0,0.0,0.0,0.0,0.0,0.0,100.0,0.0,0.0,0.0,0.0,16.0,84.0,0.0,0.0,0.0,0.0,0.0,100.0,0.0,0.0,0.0,0.990,0.0,99.010,0.0,0.0,0.0,0.0,0.0,100.0,0.0,0.0,0.0,0.0,0.0,74.0,54.0,0.0,0.0,346.0,119.0
0.0,0.0,99.010,0.0,0.0,0.990,1.0,0.0,99.0,0.0,0.0,0.0,0.0,0.0,100.0,0.0,0.0,0.0,0.0,0.0,100.0,0.0,0.0,0.0,1.0,16.0,83.0,0.0,0.0,0.0,0.0,0.0,100.0,0.0,0.0,0.0,0.0,1.0,99.0,0.0,0.0,0.0,0.0,0.0,100.0,0.0,0.0,0.0,0.0,0.0,0.0,0.0,0.0,0.0,350.0,122.0
0.0,0.0,100.0,0.0,0.0,0.0,1.0,0.0,99.0,0.0,0.0,0.0,0.0,0.0,100.0,0.0,0.0,0.0,0.0,0.0,100.0,0.0,0.0,0.0,0.0,17.0,83.0,0.0,0.0,0.0,0.0,0.0,100.0,0.0,0.0,0.0,0.0,0.0,100.0,0.0,0.0,0.0,0.0,0.0,100.0,0.0,0.0,0.0,0.0,0.0,0.0,0.0,0.0,0.0,380.0,100.0
0.0,0.0,100.0,0.0,0.0,0.0,1.010,15.152,83.838,0.0,0.0,0.0,0.0,0.0,100.0,0.0,0.0,0.0,0.0,0.0,100.0,0.0,0.0,0.0,0.0,0.0,100.0,0.0,0.0,0.0,0.0,0.0,100.0,0.0,0.0,0.0,0.0,0.0,100.0,0.0,0.0,0.0,0.0,0.0,100.0,0.0,0.0,0.0,0.0,0.0,0.0,0.0,0.0,0.0,338.0,107.0
0.0,0.0,100.0,0.0,0.0,0.0,0.0,0.0,100.0,0.0,0.0,0.0,0.0,0.0,100.0,0.0,0.0,0.0,0.0,0.0,100.0,0.0,0.0,0.0,1.0,16.0,83.0,0.0,0.0,0.0,0.0,0.0,100.0,0.0,0.0,0.0,0.990,0.0,99.010,0.0,0.0,0.0,0.0,0.0,100.0,0.0,0.0,0.0,0.0,0.0,0.0,0.0,0.0,0.0,448.0,166.0
0.0,0.0,99.010,0.0,0.0,0.990,1.0,0.0,99.0,0.0,0.0,0.0,0.0,0.0,100.0,0.0,0.0,0.0,0.0,0.0,100.0,0.0,0.0,0.0,1.0,15.0,83.0,1.0,0.0,0.0,0.0,0.0,100.0,0.0,0.0,0.0,0.0,0.0,100.0,0.0,0.0,0.0,0.0,0.0,100.0,0.0,0.0,0.0,0.0,32768.0,60.0,42.0,0.0,0.0,417.0,145.0
0.0,0.0,100.0,0.0,0.0,0.0,1.0,0.0,99.0,0.0,0.0,0.0,0.0,0.0,100.0,0.0,0.0,0.0,0.0,0.0,100.0,0.0,0.0,0.0,1.0,16.0,83.0,0.0,0.0,0.0,0.0,0.0,100.0,0.0,0.0,0.0,0.0,0.0,100.0,0.0,0.0,0.0,0.0,0.0,100.0,0.0,0.0,0.0,0.0,0.0,0.0,0.0,0.0,0.0,396.0,108.0
0.0,0.0,100.0,0.0,0.0,0.0,1.0,0.0,99.0,0.0,0.0,0.0,0.0,0.0,100.0,0.0,0.0,0.0,0.0,0.0,100.0,0.0,0.0,0.0,0.990,14.851,83.168,0.0,0.0,0.990,0.0,0.0,100.0,0.0,0.0,0.0,0.990,0.0,99.010,0.0,0.0,0.0,0.0,0.0,100.0,0.0,0.0,0.0,0.0,0.0,0.0,0.0,0.0,0.0,421.0,123.0
0.0,0.0,100.0,0.0,0.0,0.0,1.0,0.0,99.0,0.0,0.0,0.0,0.0,0.0,100.0,0.0,0.0,0.0,0.0,0.0,100.0,0.0,0.0,0.0,0.0,16.162,83.838,0.0,0.0,0.0,0.0,0.0,100.0,0.0,0.0,0.0,0.0,0.0,100.0,0.0,0.0,0.0,0.0,0.0,100.0,0.0,0.0,0.0,0.0,0.0,0.0,0.0,0.0,0.0,327.0,113.0
0.0,0.0,99.0,0.0,0.0,1.0,0.0,0.0,100.0,0.0,0.0,0.0,0.990,0.0,99.010,0.0,0.0,0.0,0.0,0.0,100.0,0.0,0.0,0.0,0.990,15.842,83.168,0.0,0.0,0.0,0.0,0.0,100.0,0.0,0.0,0.0,0.0,0.0,100.0,0.0,0.0,0.0,0.0,0.0,100.0,0.0,0.0,0.0,0.0,0.0,0.0,0.0,0.0,0.0,378.0,190.0
0.0,0.0,100.0,0.0,0.0,0.0,1.0,0.0,99.0,0.0,0.0,0.0,0.0,0.0,100.0,0.0,0.0,0.0,0.0,0.0,100.0,0.0,0.0,0.0,1.0,16.0,83.0,0.0,0.0,0.0,0.0,0.0,100.0,0.0,0.0,0.0,0.0,0.0,100.0,0.0,0.0,0.0,0.0,0.0,100.0,0.0,0.0,0.0,0.0,28672.0,74.0,54.0,0.0,0.0,352.0,132.0
0.0,0.0,100.0,0.0,0.0,0.0,1.0,0.0,99.0,0.0,0.0,0.0,0.0,0.0,100.0,0.0,0.0,0.0,0.0,1.010,98.990,0.0,0.0,0.0,0.0,15.306,84.694,0.0,0.0,0.0,0.0,0.0,100.0,0.0,0.0,0.0,1.0,0.0,99.0,0.0,0.0,0.0,0.0,1.0,99.0,0.0,0.0,0.0,0.0,0.0,0.0,0.0,0.0,0.0,625.0,202.0
0.0,0.0,100.0,0.0,0.0,0.0,1.0,0.0,99.0,0.0,0.0,0.0,0.0,0.0,100.0,0.0,0.0,0.0,0.0,0.0,100.0,0.0,0.0,0.0,0.990,15.842,83.168,0.0,0.0,0.0,0.0,0.0,100.0,0.0,0.0,0.0,0.0,0.0,100.0,0.0,0.0,0.0,0.0,0.0,100.0,0.0,0.0,0.0,0.0,0.0,0.0,0.0,0.0,0.0,302.0,115.0
0.0,0.0,100.0,0.0,0.0,0.0,0.990,0.990,98.020,0.0,0.0,0.0,0.0,0.0,100.0,0.0,0.0,0.0,0.0,0.0,100.0,0.0,0.0,0.0,0.0,0.990,99.010,0.0,0.0,0.0,0.990,14.851,83.168,0.0,0.990,0.0,0.0,0.0,100.0,0.0,0.0,0.0,0.0,0.0,100.0,0.0,0.0,0.0,0.0,8192.0,0.0,0.0,0.0,0.0,417.0,136.0
0.0,0.0,99.0,0.0,0.0,1.0,0.0,0.0,100.0,0.0,0.0,0.0,0.0,0.0,100.0,0.0,0.0,0.0,0.0,0.0,100.0,0.0,0.0,0.0,0.0,16.162,83.838,0.0,0.0,0.0,0.0,0.0,100.0,0.0,0.0,0.0,0.0,1.0,99.0,0.0,0.0,0.0,0.0,0.0,100.0,0.0,0.0,0.0,0.0,0.0,0.0,0.0,0.0,0.0,381.0,162.0
0.0,0.0,100.0,0.0,0.0,0.0,1.0,0.0,99.0,0.0,0.0,0.0,0.0,0.0,100.0,0.0,0.0,0.0,0.0,0.0,100.0,0.0,0.0,0.0,1.0,15.0,83.0,0.0,1.0,0.0,0.0,0.0,100.0,0.0,0.0,0.0,0.0,0.0,100.0,0.0,0.0,0.0,0.0,0.0,100.0,0.0,0.0,0.0,0.0,0.0,60.0,42.0,0.0,0.0,402.0,107.0
0.0,0.0,100.0,0.0,0.0,0.0,1.0,0.0,99.0,0.0,0.0,0.0,0.0,0.0,100.0,0.0,0.0,0.0,0.0,0.0,100.0,0.0,0.0,0.0,0.990,15.842,83.168,0.0,0.0,0.0,0.0,0.0,100.0,0.0,0.0,0.0,0.990,0.0,99.010,0.0,0.0,0.0,0.0,0.0,100.0,0.0,0.0,0.0,0.0,45056.0,0.0,0.0,0.0,0.0,404.0,125.0
0.0,0.0,100.0,0.0,0.0,0.0,1.0,0.0,99.0,0.0,0.0,0.0,0.0,0.0,100.0,0.0,0.0,0.0,0.0,0.0,100.0,0.0,0.0,0.0,0.0,16.162,83.838,0.0,0.0,0.0,0.0,0.0,100.0,0.0,0.0,0.0,0.0,0.0,100.0,0.0,0.0,0.0,0.0,0.0,100.0,0.0,0.0,0.0,0.0,0.0,286.0,233.0,0.0,0.0,259.0,143.0
0.0,0.0,100.0,0.0,0.0,0.0,0.0,0.0,100.0,0.0,0.0,0.0,0.0,0.0,100.0,0.0,0.0,0.0,0.0,0.0,100.0,0.0,0.0,0.0,0.990,15.842,83.168,0.0,0.0,0.0,0.0,0.0,100.0,0.0,0.0,0.0,0.0,0.0,100.0,0.0,0.0,0.0,0.0,0.0,100.0,0.0,0.0,0.0,0.0,8192.0,0.0,0.0,0.0,0.0,344.0,124.0
0.0,0.0,99.010,0.0,0.0,0.990,0.990,0.0,98.020,0.0,0.990,0.0,0.0,0.0,100.0,0.0,0.0,0.0,0.0,0.0,100.0,0.0,0.0,0.0,0.0,16.162,83.838,0.0,0.0,0.0,0.0,0.0,100.0,0.0,0.0,0.0,0.990,0.0,99.010,0.0,0.0,0.0,0.0,0.0,100.0,0.0,0.0,0.0,0.0,0.0,0.0,0.0,0.0,0.0,375.0,173.0
0.0,0.0,100.0,0.0,0.0,0.0,1.0,0.0,99.0,0.0,0.0,0.0,0.0,0.0,100.0,0.0,0.0,0.0,0.0,0.0,100.0,0.0,0.0,0.0,1.0,16.0,83.0,0.0,0.0,0.0,0.0,0.0,100.0,0.0,0.0,0.0,0.0,0.0,100.0,0.0,0.0,0.0,0.0,0.0,100.0,0.0,0.0,0.0,0.0,0.0,74.0,54.0,0.0,0.0,351.0,107.0
0.0,0.0,100.0,0.0,0.0,0.0,1.0,0.0,99.0,0.0,0.0,0.0,0.0,0.0,100.0,0.0,0.0,0.0,0.0,0.0,100.0,0.0,0.0,0.0,0.0,15.306,84.694,0.0,0.0,0.0,0.0,0.0,100.0,0.0,0.0,0.0,0.0,0.0,100.0,0.0,0.0,0.0,0.0,0.0,100.0,0.0,0.0,0.0,0.0,49152.0,0.0,0.0,0.0,0.0,346.0,139.0
0.0,0.0,100.0,0.0,0.0,0.0,1.0,0.0,99.0,0.0,0.0,0.0,0.0,0.0,100.0,0.0,0.0,0.0,0.0,0.0,100.0,0.0,0.0,0.0,0.990,16.832,82.178,0.0,0.0,0.0,0.0,0.0,100.0,0.0,0.0,0.0,1.0,0.0,99.0,0.0,0.0,0.0,0.0,0.0,100.0,0.0,0.0,0.0,0.0,0.0,0.0,0.0,0.0,0.0,411.0,116.0
0.0,0.0,99.0,0.0,0.0,1.0,0.0,0.0,100.0,0.0,0.0,0.0,0.0,0.0,100.0,0.0,0.0,0.0,0.0,0.0,100.0,0.0,0.0,0.0,0.0,15.152,84.848,0.0,0.0,0.0,0.0,0.0,100.0,0.0,0.0,0.0,0.0,0.0,100.0,0.0,0.0,0.0,0.0,0.0,100.0,0.0,0.0,0.0,0.0,0.0,0.0,0.0,0.0,0.0,337.0,110.0
0.990,0.0,99.010,0.0,0.0,0.0,1.0,0.0,99.0,0.0,0.0,0.0,0.0,0.0,100.0,0.0,0.0,0.0,0.0,0.0,100.0,0.0,0.0,0.0,1.0,16.0,83.0,0.0,0.0,0.0,0.0,0.0,100.0,0.0,0.0,0.0,0.0,0.0,100.0,0.0,0.0,0.0,0.0,0.0,100.0,0.0,0.0,0.0,0.0,0.0,0.0,0.0,0.0,0.0,370.0,177.0
0.0,0.0,100.0,0.0,0.0,0.0,1.0,0.0,99.0,0.0,0.0,0.0,0.0,0.0,100.0,0.0,0.0,0.0,0.0,0.0,100.0,0.0,0.0,0.0,1.0,16.0,83.0,0.0,0.0,0.0,0.0,0.0,100.0,0.0,0.0,0.0,0.0,0.0,100.0,0.0,0.0,0.0,0.0,0.0,100.0,0.0,0.0,0.0,0.0,0.0,0.0,0.0,0.0,0.0,410.0,140.0
0.0,0.0,100.0,0.0,0.0,0.0,0.990,0.0,99.010,0.0,0.0,0.0,0.0,0.0,100.0,0.0,0.0,0.0,0.0,0.0,100.0,0.0,0.0,0.0,0.0,16.0,84.0,0.0,0.0,0.0,0.0,0.990,99.010,0.0,0.0,0.0,0.990,0.0,99.010,0.0,0.0,0.0,0.0,0.0,100.0,0.0,0.0,0.0,0.0,36864.0,0.0,0.0,0.0,0.0,339.0,122.0
0.0,0.0,99.010,0.0,0.0,0.990,0.0,0.0,100.0,0.0,0.0,0.0,0.0,0.0,100.0,0.0,0.0,0.0,0.0,0.0,100.0,0.0,0.0,0.0,0.990,15.842,83.168,0.0,0.0,0.0,0.0,0.0,100.0,0.0,0.0,0.0,0.0,0.0,100.0,0.0,0.0,0.0,0.0,0.0,100.0,0.0,0.0,0.0,0.0,0.0,0.0,0.0,0.0,0.0,346.0,108.0
0.0,0.0,100.0,0.0,0.0,0.0,1.0,0.0,99.0,0.0,0.0,0.0,0.0,0.0,100.0,0.0,0.0,0.0,0.0,0.0,100.0,0.0,0.0,0.0,0.0,16.162,83.838,0.0,0.0,0.0,0.0,0.0,100.0,0.0,0.0,0.0,0.0,0.0,100.0,0.0,0.0,0.0,0.0,0.0,100.0,0.0,0.0,0.0,0.0,8192.0,0.0,0.0,0.0,0.0,340.0,125.0
0.0,0.0,99.0,0.0,1.0,0.0,1.0,0.0,99.0,0.0,0.0,0.0,0.0,0.0,100.0,0.0,0.0,0.0,0.0,0.0,100.0,0.0,0.0,0.0,1.980,14.851,82.178,0.0,0.0,0.990,0.0,0.0,100.0,0.0,0.0,0.0,0.0,0.0,100.0,0.0,0.0,0.0,0.0,0.0,100.0,0.0,0.0,0.0,0.0,0.0,0.0,0.0,0.0,0.0,373.0,180.0
0.0,0.0,100.0,0.0,0.0,0.0,1.0,0.0,99.0,0.0,0.0,0.0,0.0,0.0,100.0,0.0,0.0,0.0,0.0,0.0,100.0,0.0,0.0,0.0,0.0,16.0,84.0,0.0,0.0,0.0,0.0,0.0,100.0,0.0,0.0,0.0,0.990,0.0,99.010,0.0,0.0,0.0,0.0,0.0,100.0,0.0,0.0,0.0,0.0,0.0,74.0,54.0,0.0,0.0,408.0,120.0
0.0,0.0,99.0,0.0,0.0,1.0,0.0,0.0,100.0,0.0,0.0,0.0,0.0,0.0,100.0,0.0,0.0,0.0,0.0,0.0,100.0,0.0,0.0,0.0,1.010,15.152,83.838,0.0,0.0,0.0,0.0,0.0,100.0,0.0,0.0,0.0,0.0,0.0,100.0,0.0,0.0,0.0,0.0,0.0,100.0,0.0,0.0,0.0,0.0,0.0,0.0,0.0,0.0,0.0,384.0,110.0
0.0,0.0,100.0,0.0,0.0,0.0,1.0,0.0,99.0,0.0,0.0,0.0,0.0,0.0,100.0,0.0,0.0,0.0,0.0,0.0,100.0,0.0,0.0,0.0,0.990,15.842,83.168,0.0,0.0,0.0,0.0,0.0,100.0,0.0,0.0,0.0,0.0,0.0,100.0,0.0,0.0,0.0,0.0,0.0,100.0,0.0,0.0,0.0,0.0,49152.0,0.0,0.0,0.0,0.0,337.0,127.0
0.0,0.0,100.0,0.0,0.0,0.0,1.0,0.0,99.0,0.0,0.0,0.0,0.0,0.0,100.0,0.0,0.0,0.0,0.0,0.0,100.0,0.0,0.0,0.0,0.0,16.162,83.838,0.0,0.0,0.0,0.0,0.0,100.0,0.0,0.0,0.0,0.990,0.0,99.010,0.0,0.0,0.0,0.0,0.0,100.0,0.0,0.0,0.0,0.0,90112.0,0.0,0.0,0.0,0.0,408.0,128.0
0.0,0.0,100.0,0.0,0.0,0.0,0.990,0.990,98.020,0.0,0.0,0.0,0.0,0.0,100.0,0.0,0.0,0.0,0.0,0.0,100.0,0.0,0.0,0.0,0.990,15.842,83.168,0.0,0.0,0.0,0.0,0.0,100.0,0.0,0.0,0.0,0.0,0.0,100.0,0.0,0.0,0.0,0.0,0.0,100.0,0.0,0.0,0.0,0.0,0.0,0.0,0.0,0.0,0.0,379.0,175.0
0.0,0.990,98.020,0.0,0.0,0.990,1.0,15.0,84.0,0.0,0.0,0.0,0.0,0.0,100.0,0.0,0.0,0.0,0.0,0.0,100.0,0.0,0.0,0.0,0.0,0.0,100.0,0.0,0.0,0.0,0.0,0.0,100.0,0.0,0.0,0.0,0.0,0.0,99.010,0.0,0.0,0.990,0.0,0.0,100.0,0.0,0.0,0.0,0.0,0.0,60.0,0.0,0.0,0.0,414.0,116.0
0.0,0.0,100.0,0.0,0.0,0.0,0.0,0.0,100.0,0.0,0.0,0.0,0.0,0.0,100.0,0.0,0.0,0.0,0.0,0.0,100.0,0.0,0.0,0.0,1.0,0.0,99.0,0.0,0.0,0.0,0.0,0.0,100.0,0.0,0.0,0.0,0.0,1.0,99.0,0.0,0.0,0.0,0.0,15.0,84.0,0.0,1.0,0.0,0.0,0.0,0.0,0.0,0.0,0.0,401.0,121.0
0.0,0.0,100.0,0.0,0.0,0.0,0.0,0.0,100.0,0.0,0.0,0.0,0.0,0.0,100.0,0.0,0.0,0.0,0.0,0.0,100.0,0.0,0.0,0.0,0.0,15.152,83.838,0.0,1.010,0.0,0.0,0.0,100.0,0.0,0.0,0.0,1.0,0.0,99.0,0.0,0.0,0.0,0.990,0.0,99.010,0.0,0.0,0.0,0.0,36864.0,0.0,0.0,0.0,0.0,346.0,152.0
0.0,0.0,100.0,0.0,0.0,0.0,1.0,0.0,99.0,0.0,0.0,0.0,0.0,0.0,100.0,0.0,0.0,0.0,0.0,0.0,100.0,0.0,0.0,0.0,0.0,0.990,99.010,0.0,0.0,0.0,1.0,15.0,84.0,0.0,0.0,0.0,0.0,0.0,100.0,0.0,0.0,0.0,0.0,0.0,100.0,0.0,0.0,0.0,0.0,0.0,0.0,0.0,0.0,0.0,403.0,115.0
0.0,0.0,99.010,0.0,0.0,0.990,1.0,16.0,83.0,0.0,0.0,0.0,0.0,0.0,100.0,0.0,0.0,0.0,0.0,0.0,100.0,0.0,0.0,0.0,0.0,0.0,100.0,0.0,0.0,0.0,0.0,0.0,100.0,0.0,0.0,0.0,0.0,0.0,100.0,0.0,0.0,0.0,0.0,0.0,100.0,0.0,0.0,0.0,0.0,0.0,0.0,54.0,0.0,0.0,372.0,173.0
1.010,15.152,83.838,0.0,0.0,0.0,0.990,0.0,99.010,0.0,0.0,0.0,0.0,0.0,100.0,0.0,0.0,0.0,0.0,0.0,100.0,0.0,0.0,0.0,0.990,0.0,99.010,0.0,0.0,0.0,0.0,0.0,100.0,0.0,0.0,0.0,1.0,0.0,99.0,0.0,0.0,0.0,0.0,0.0,100.0,0.0,0.0,0.0,0.0,0.0,74.0,54.0,0.0,0.0,400.0,136.0
0.0,0.0,100.0,0.0,0.0,0.0,0.0,0.0,100.0,0.0,0.0,0.0,0.0,0.0,100.0,0.0,0.0,0.0,0.0,0.0,100.0,0.0,0.0,0.0,1.0,16.0,83.0,0.0,0.0,0.0,0.0,0.0,100.0,0.0,0.0,0.0,0.0,0.0,100.0,0.0,0.0,0.0,0.0,0.0,100.0,0.0,0.0,0.0,0.0,0.0,0.0,0.0,0.0,0.0,330.0,117.0
0.0,0.0,100.0,0.0,0.0,0.0,1.0,0.0,99.0,0.0,0.0,0.0,0.0,0.0,100.0,0.0,0.0,0.0,0.0,0.0,100.0,0.0,0.0,0.0,1.0,15.0,84.0,0.0,0.0,0.0,0.0,0.0,100.0,0.0,0.0,0.0,0.0,0.0,100.0,0.0,0.0,0.0,0.0,0.0,100.0,0.0,0.0,0.0,0.0,28672.0,0.0,0.0,0.0,0.0,412.0,128.0
0.0,0.0,100.0,0.0,0.0,0.0,1.0,0.0,99.0,0.0,0.0,0.0,0.0,0.0,100.0,0.0,0.0,0.0,0.0,0.0,100.0,0.0,0.0,0.0,0.0,15.306,84.694,0.0,0.0,0.0,0.0,0.0,100.0,0.0,0.0,0.0,1.0,0.0,99.0,0.0,0.0,0.0,0.0,0.0,100.0,0.0,0.0,0.0,0.0,0.0,0.0,0.0,0.0,0.0,331.0,112.0
0.0,0.0,99.010,0.0,0.0,0.990,1.0,0.0,99.0,0.0,0.0,0.0,0.0,0.0,100.0,0.0,0.0,0.0,0.0,0.0,100.0,0.0,0.0,0.0,0.990,15.842,83.168,0.0,0.0,0.0,0.0,0.0,100.0,0.0,0.0,0.0,0.0,0.0,100.0,0.0,0.0,0.0,0.0,0.0,100.0,0.0,0.0,0.0,0.0,0.0,66.0,375.0,0.0,0.0,383.0,187.0
0.0,0.0,100.0,0.0,0.0,0.0,0.0,0.0,100.0,0.0,0.0,0.0,0.990,0.0,99.010,0.0,0.0,0.0,0.0,0.0,100.0,0.0,0.0,0.0,1.010,15.152,83.838,0.0,0.0,0.0,0.0,0.0,100.0,0.0,0.0,0.0,0.0,0.0,100.0,0.0,0.0,0.0,0.0,0.0,100.0,0.0,0.0,0.0,0.0,0.0,552.0,108.0,0.0,0.0,408.0,128.0
0.0,0.0,100.0,0.0,0.0,0.0,1.0,0.0,99.0,0.0,0.0,0.0,0.0,0.0,100.0,0.0,0.0,0.0,0.0,0.0,100.0,0.0,0.0,0.0,0.0,16.0,84.0,0.0,0.0,0.0,0.0,0.0,100.0,0.0,0.0,0.0,0.0,0.0,100.0,0.0,0.0,0.0,0.0,0.0,100.0,0.0,0.0,0.0,0.0,0.0,0.0,0.0,0.0,0.0,390.0,113.0
0.0,0.0,100.0,0.0,0.0,0.0,1.0,0.0,99.0,0.0,0.0,0.0,0.0,0.0,100.0,0.0,0.0,0.0,0.0,0.0,99.010,0.0,0.0,0.990,1.0,16.0,83.0,0.0,0.0,0.0,0.0,0.0,100.0,0.0,0.0,0.0,0.990,0.0,99.010,0.0,0.0,0.0,0.0,0.0,100.0,0.0,0.0,0.0,0.0,0.0,698.0,688.0,0.0,0.0,423.0,136.0
0.0,0.0,99.010,0.0,0.0,0.990,1.0,0.0,99.0,0.0,0.0,0.0,0.0,0.0,100.0,0.0,0.0,0.0,0.0,0.0,100.0,0.0,0.0,0.0,0.980,15.686,82.353,0.980,0.0,0.0,0.0,0.0,100.0,0.0,0.0,0.0,0.0,0.0,100.0,0.0,0.0,0.0,0.0,0.0,100.0,0.0,0.0,0.0,0.0,36864.0,448.0,311.0,0.0,0.0,376.0,145.0
0.990,0.990,98.020,0.0,0.0,0.0,1.0,0.0,99.0,0.0,0.0,0.0,0.0,0.0,100.0,0.0,0.0,0.0,0.0,0.0,100.0,0.0,0.0,0.0,0.0,0.0,100.0,0.0,0.0,0.0,1.0,16.0,83.0,0.0,0.0,0.0,0.0,0.990,99.010,0.0,0.0,0.0,0.0,0.0,100.0,0.0,0.0,0.0,0.0,90112.0,0.0,0.0,0.0,0.0,505.0,246.0
0.0,0.0,100.0,0.0,0.0,0.0,1.0,16.0,83.0,0.0,0.0,0.0,0.0,0.0,100.0,0.0,0.0,0.0,0.0,0.0,100.0,0.0,0.0,0.0,0.0,0.0,100.0,0.0,0.0,0.0,0.0,0.0,100.0,0.0,0.0,0.0,0.990,0.0,99.010,0.0,0.0,0.0,0.0,0.0,100.0,0.0,0.0,0.0,0.0,0.0,74.0,54.0,0.0,0.0,436.0,136.0
1.0,15.0,84.0,0.0,0.0,0.0,0.0,0.0,99.0,0.0,0.0,1.0,0.0,0.0,100.0,0.0,0.0,0.0,0.0,0.0,100.0,0.0,0.0,0.0,0.0,0.990,99.010,0.0,0.0,0.0,0.0,0.0,100.0,0.0,0.0,0.0,0.0,0.0,100.0,0.0,0.0,0.0,0.0,0.0,100.0,0.0,0.0,0.0,0.0,0.0,0.0,0.0,0.0,0.0,414.0,120.0
0.0,0.0,99.0,0.0,0.0,1.0,1.0,16.0,83.0,0.0,0.0,0.0,0.0,0.0,99.010,0.0,0.990,0.0,1.0,0.0,99.0,0.0,0.0,0.0,0.0,0.0,100.0,0.0,0.0,0.0,0.0,0.0,100.0,0.0,0.0,0.0,0.0,0.0,100.0,0.0,0.0,0.0,0.0,0.0,100.0,0.0,0.0,0.0,0.0,0.0,0.0,0.0,0.0,0.0,359.0,120.0
0.0,0.0,100.0,0.0,0.0,0.0,0.0,16.162,83.838,0.0,0.0,0.0,0.0,0.0,100.0,0.0,0.0,0.0,0.0,0.0,100.0,0.0,0.0,0.0,0.0,0.0,100.0,0.0,0.0,0.0,0.0,0.0,100.0,0.0,0.0,0.0,0.0,0.0,100.0,0.0,0.0,0.0,0.0,0.0,100.0,0.0,0.0,0.0,0.0,8192.0,0.0,0.0,0.0,0.0,437.0,164.0
0.0,0.0,100.0,0.0,0.0,0.0,0.0,0.0,100.0,0.0,0.0,0.0,0.0,0.0,100.0,0.0,0.0,0.0,0.0,0.0,100.0,0.0,0.0,0.0,1.0,0.0,99.0,0.0,0.0,0.0,0.0,0.0,100.0,0.0,0.0,0.0,1.0,0.0,99.0,0.0,0.0,0.0,1.0,15.0,84.0,0.0,0.0,0.0,0.0,81920.0,0.0,0.0,0.0,0.0,473.0,223.0
0.0,0.0,100.0,0.0,0.0,0.0,0.0,0.0,100.0,0.0,0.0,0.0,0.0,0.0,100.0,0.0,0.0,0.0,0.0,0.0,100.0,0.0,0.0,0.0,1.0,0.0,99.0,0.0,0.0,0.0,0.0,0.0,100.0,0.0,0.0,0.0,0.0,1.0,99.0,0.0,0.0,0.0,0.0,16.162,83.838,0.0,0.0,0.0,0.0,0.0,0.0,0.0,0.0,0.0,317.0,114.0
0.0,0.0,99.010,0.0,0.0,0.990,0.0,0.0,100.0,0.0,0.0,0.0,0.0,0.0,100.0,0.0,0.0,0.0,0.0,0.0,100.0,0.0,0.0,0.0,1.0,0.0,99.0,0.0,0.0,0.0,0.0,0.0,100.0,0.0,0.0,0.0,0.0,0.0,100.0,0.0,0.0,0.0,0.990,15.842,83.168,0.0,0.0,0.0,0.0,0.0,0.0,0.0,0.0,0.0,410.0,131.0
0.0,0.0,100.0,0.0,0.0,0.0,1.0,15.0,84.0,0.0,0.0,0.0,0.0,0.0,100.0,0.0,0.0,0.0,0.0,0.0,100.0,0.0,0.0,0.0,0.0,0.0,100.0,0.0,0.0,0.0,0.0,0.0,100.0,0.0,0.0,0.0,0.990,0.990,98.020,0.0,0.0,0.0,0.0,0.0,100.0,0.0,0.0,0.0,0.0,0.0,0.0,0.0,0.0,0.0,372.0,138.0
0.0,0.0,100.0,0.0,0.0,0.0,0.0,0.0,100.0,0.0,0.0,0.0,0.0,0.0,100.0,0.0,0.0,0.0,0.0,0.0,100.0,0.0,0.0,0.0,0.990,0.990,98.020,0.0,0.0,0.0,0.0,0.0,100.0,0.0,0.0,0.0,0.0,0.0,100.0,0.0,0.0,0.0,1.0,16.0,83.0,0.0,0.0,0.0,0.0,0.0,0.0,0.0,0.0,0.0,419.0,131.0
0.0,0.0,99.0,0.0,0.0,1.0,0.0,0.0,100.0,0.0,0.0,0.0,0.0,0.0,100.0,0.0,0.0,0.0,0.0,0.0,100.0,0.0,0.0,0.0,1.0,0.0,99.0,0.0,0.0,0.0,0.0,0.0,100.0,0.0,0.0,0.0,0.0,0.0,100.0,0.0,0.0,0.0,0.0,15.152,84.848,0.0,0.0,0.0,0.0,0.0,0.0,0.0,0.0,0.0,435.0,184.0
0.0,0.0,100.0,0.0,0.0,0.0,0.0,0.0,100.0,0.0,0.0,0.0,0.0,0.0,100.0,0.0,0.0,0.0,0.0,0.0,100.0,0.0,0.0,0.0,1.0,0.0,99.0,0.0,0.0,0.0,0.0,0.0,100.0,0.0,0.0,0.0,1.010,16.162,82.828,0.0,0.0,0.0,0.0,0.0,100.0,0.0,0.0,0.0,0.0,36864.0,74.0,54.0,0.0,0.0,361.0,126.0
0.0,0.0,100.0,0.0,0.0,0.0,0.0,0.0,100.0,0.0,0.0,0.0,0.0,0.0,100.0,0.0,0.0,0.0,0.0,0.0,100.0,0.0,0.0,0.0,1.0,0.0,99.0,0.0,0.0,0.0,0.0,0.0,100.0,0.0,0.0,0.0,0.990,16.832,82.178,0.0,0.0,0.0,0.0,0.0,100.0,0.0,0.0,0.0,0.0,0.0,0.0,0.0,0.0,0.0,352.0,129.0
0.0,0.0,100.0,0.0,0.0,0.0,0.0,0.0,100.0,0.0,0.0,0.0,0.0,0.0,100.0,0.0,0.0,0.0,0.0,0.0,100.0,0.0,0.0,0.0,1.0,0.0,99.0,0.0,0.0,0.0,0.0,0.0,100.0,0.0,0.0,0.0,1.0,15.0,84.0,0.0,0.0,0.0,0.0,0.0,100.0,0.0,0.0,0.0,0.0,0.0,90.0,90.0,0.0,0.0,335.0,115.0
0.0,0.0,100.0,0.0,0.0,0.0,0.0,0.0,100.0,0.0,0.0,0.0,0.0,0.0,100.0,0.0,0.0,0.0,0.0,0.0,100.0,0.0,0.0,0.0,0.0,0.0,100.0,0.0,0.0,0.0,0.0,0.0,100.0,0.0,0.0,0.0,0.990,15.842,82.178,0.0,0.990,0.0,0.0,0.0,100.0,0.0,0.0,0.0,0.0,8192.0,0.0,0.0,0.0,0.0,331.0,110.0
0.0,0.0,99.010,0.0,0.0,0.990,0.0,0.0,100.0,0.0,0.0,0.0,0.0,0.0,100.0,0.0,0.0,0.0,0.0,0.0,100.0,0.0,0.0,0.0,1.0,0.0,99.0,0.0,0.0,0.0,0.0,0.0,100.0,0.0,0.0,0.0,2.0,15.0,83.0,0.0,0.0,0.0,0.0,0.0,100.0,0.0,0.0,0.0,0.0,0.0,0.0,0.0,0.0,0.0,446.0,169.0
1.0,16.0,83.0,0.0,0.0,0.0,0.0,0.0,100.0,0.0,0.0,0.0,0.0,0.0,100.0,0.0,0.0,0.0,0.0,0.0,100.0,0.0,0.0,0.0,0.0,0.0,100.0,0.0,0.0,0.0,0.0,0.0,100.0,0.0,0.0,0.0,1.0,1.0,98.0,0.0,0.0,0.0,0.0,0.0,100.0,0.0,0.0,0.0,0.0,53248.0,0.0,0.0,0.0,0.0,427.0,155.0
0.0,16.0,84.0,0.0,0.0,0.0,0.0,0.0,100.0,0.0,0.0,0.0,0.0,0.0,100.0,0.0,0.0,0.0,0.0,0.0,100.0,0.0,0.0,0.0,0.0,0.0,100.0,0.0,0.0,0.0,0.0,0.0,100.0,0.0,0.0,0.0,1.0,0.0,99.0,0.0,0.0,0.0,0.0,0.0,100.0,0.0,0.0,0.0,0.0,0.0,0.0,0.0,0.0,0.0,337.0,113.0
1.0,16.0,83.0,0.0,0.0,0.0,0.990,0.0,98.020,0.0,0.0,0.990,0.0,0.0,100.0,0.0,0.0,0.0,0.0,0.0,100.0,0.0,0.0,0.0,0.0,0.0,100.0,0.0,0.0,0.0,0.0,0.0,100.0,0.0,0.0,0.0,1.0,0.0,99.0,0.0,0.0,0.0,1.0,0.0,99.0,0.0,0.0,0.0,0.0,0.0,0.0,0.0,0.0,0.0,413.0,114.0
1.010,15.152,83.838,0.0,0.0,0.0,0.0,0.990,99.010,0.0,0.0,0.0,0.0,0.0,100.0,0.0,0.0,0.0,0.0,0.0,100.0,0.0,0.0,0.0,0.0,0.0,100.0,0.0,0.0,0.0,0.0,0.0,100.0,0.0,0.0,0.0,0.0,0.0,100.0,0.0,0.0,0.0,0.0,0.0,100.0,0.0,0.0,0.0,0.0,69632.0,0.0,0.0,0.0,0.0,408.0,124.0
0.0,16.0,84.0,0.0,0.0,0.0,0.0,0.0,100.0,0.0,0.0,0.0,0.0,0.0,100.0,0.0,0.0,0.0,0.0,0.0,100.0,0.0,0.0,0.0,0.0,0.0,100.0,0.0,0.0,0.0,0.0,0.0,100.0,0.0,0.0,0.0,1.0,0.0,99.0,0.0,0.0,0.0,0.0,0.0,100.0,0.0,0.0,0.0,0.0,0.0,0.0,0.0,0.0,0.0,449.0,186.0
1.0,16.0,83.0,0.0,0.0,0.0,0.0,0.0,100.0,0.0,0.0,0.0,0.0,0.0,100.0,0.0,0.0,0.0,0.0,0.0,100.0,0.0,0.0,0.0,0.0,0.0,100.0,0.0,0.0,0.0,0.0,0.0,100.0,0.0,0.0,0.0,1.0,0.0,99.0,0.0,0.0,0.0,0.0,0.0,100.0,0.0,0.0,0.0,0.0,36864.0,0.0,0.0,0.0,0.0,411.0,123.0
1.0,16.0,83.0,0.0,0.0,0.0,0.0,0.0,100.0,0.0,0.0,0.0,0.0,1.0,99.0,0.0,0.0,0.0,0.0,0.0,100.0,0.0,0.0,0.0,0.0,1.0,99.0,0.0,0.0,0.0,0.0,0.0,100.0,0.0,0.0,0.0,0.990,0.0,99.010,0.0,0.0,0.0,0.990,0.0,99.010,0.0,0.0,0.0,0.0,0.0,74.0,54.0,0.0,0.0,617.0,232.0
0.990,14.851,83.168,0.0,0.990,0.0,0.0,0.0,99.0,0.0,0.0,1.0,0.0,0.0,100.0,0.0,0.0,0.0,0.0,0.0,100.0,0.0,0.0,0.0,0.0,0.0,100.0,0.0,0.0,0.0,0.0,0.0,100.0,0.0,0.0,0.0,0.0,0.0,100.0,0.0,0.0,0.0,0.0,0.0,100.0,0.0,0.0,0.0,0.0,0.0,0.0,0.0,0.0,0.0,399.0,108.0
0.0,17.0,83.0,0.0,0.0,0.0,0.0,0.0,100.0,0.0,0.0,0.0,0.0,0.0,100.0,0.0,0.0,0.0,0.0,0.0,100.0,0.0,0.0,0.0,0.0,0.0,100.0,0.0,0.0,0.0,0.0,0.0,100.0,0.0,0.0,0.0,1.0,0.0,99.0,0.0,0.0,0.0,0.0,0.0,100.0,0.0,0.0,0.0,0.0,0.0,0.0,0.0,0.0,0.0,355.0,144.0
1.010,15.152,83.838,0.0,0.0,0.0,0.0,0.0,100.0,0.0,0.0,0.0,0.0,0.0,100.0,0.0,0.0,0.0,0.0,0.0,100.0,0.0,0.0,0.0,0.0,0.0,100.0,0.0,0.0,0.0,0.0,0.0,100.0,0.0,0.0,0.0,1.0,0.0,99.0,0.0,0.0,0.0,0.0,0.0,100.0,0.0,0.0,0.0,0.0,0.0,0.0,0.0,0.0,0.0,436.0,168.0
0.990,15.842,82.178,0.0,0.0,0.990,0.0,0.0,100.0,0.0,0.0,0.0,0.0,0.0,100.0,0.0,0.0,0.0,0.0,0.0,100.0,0.0,0.0,0.0,0.0,0.0,100.0,0.0,0.0,0.0,0.0,0.0,100.0,0.0,0.0,0.0,1.0,1.0,98.0,0.0,0.0,0.0,0.990,0.0,99.010,0.0,0.0,0.0,0.0,32768.0,0.0,0.0,0.0,0.0,581.0,379.0
